"","ETABLISSEMENT","","","","","FORMATION","","","","","","","","","","","","","",""
"Type","Nom","Nom","Domaine","Spécialité","Descriptif","Niveau de diplôme à l'entrée","Niveau de diplôme en sortie","Durée (en années)","Total ECTS","Url de la formation","Questions ENV. au sens large évoquées(oui/non)","Enjeux transition énergétique-climat abordés(oui/non)","Nom du cours","Notions abordées","Cours optionnel ou obligatoire","Nombre de crédits ECTS accordés par ce cours","Durée du cours (en nombre d'heures)","Mode d'évaluation ","Avis critique sur le cours et/ou la formation","Comptabilité"
"Ecole_formant_des_élèves_fonctionnaires_ingénieurs","AgroParisTech","Cursus Ingénieur","Sciences, Technologie, Santé","Biologie, environnement","sciences et technologies du vivant et de l’environnement","Bac+2","Bac+5","3.0","180.0","http://www2.agroparistech.fr/Cursus-Ingenieur-AgroParisTech-2111.html","Oui","Non","sciences du milieu et du vivant"," biologie moléculaire,  biologie des organismes, écologie évolutive et fonctionelle","Obligatoire","non-indiqué ","non-indiqué ","non-indiqué ","","1.0"
"Ecole_formant_des_élèves_fonctionnaires_ingénieurs","AgroParisTech","Cursus Ingénieur","Sciences, Technologie, Santé","Biologie, environnement","sciences et technologies du vivant et de l’environnement","Bac+2","Bac+5","3.0","180.0","http://www2.agroparistech.fr/Cursus-Ingenieur-AgroParisTech-2111.html","Oui","Oui","sciences de la production et de la transformation","  - production animale et végétale
- territoire filière environnement
- transformation","Obligatoire","non-indiqué ","non-indiqué ","non-indiqué ","","1.0"
"Ecole_formant_des_élèves_fonctionnaires_ingénieurs","AgroParisTech","Cursus Ingénieur","Sciences, Technologie, Santé","Biologie, environnement","sciences et technologies du vivant et de l’environnement","Bac+2","Bac+5","3.0","180.0","http://www2.agroparistech.fr/Cursus-Ingenieur-AgroParisTech-2111.html","Non","Non","sciences de l’ingénieur et la modélisation "," - Modélisation mathématique, statistiques
- Physique 
- Chimie
- Systèmes d’Information
- système d’information géographique","Obligatoire","non-indiqué ","non-indiqué ","non-indiqué ","","1.0"
"Ecole_formant_des_élèves_fonctionnaires_ingénieurs","AgroParisTech","Cursus Ingénieur","Sciences, Technologie, Santé","Biologie, environnement","sciences et technologies du vivant et de l’environnement","Bac+2","Bac+5","3.0","180.0","http://www2.agroparistech.fr/Cursus-Ingenieur-AgroParisTech-2111.html","Oui","Oui"," sciences économiques, sociales et de gestion"," - Sciences économiques
- Connaissance de l’entreprise
- Développement agricole, aquacole, agro-alimentaire et forestier
- Comptabilité
- Sociologie, droit et sciences politique","Obligatoire","non-indiqué ","non-indiqué ","non-indiqué ","","1.0"
"Ecole_formant_des_élèves_fonctionnaires_ingénieurs","AgroParisTech","Cursus Ingénieur","Sciences, Technologie, Santé","Biologie, environnement","sciences et technologies du vivant et de l’environnement","Bac+2","Bac+5","3.0","180.0","http://www2.agroparistech.fr/Cursus-Ingenieur-AgroParisTech-2111.html","Non","Non","sciences économiques, sociales et de gestion","analyse financière, choix d’investissement et évaluation de projets ; l’ingénieur dans la cité entre science et action","Obligatoire","non-indiqué ","hypothèse : 48h","non-indiqué ","","1.0"
"Ecole_formant_des_élèves_fonctionnaires_ingénieurs","AgroParisTech","Cursus Ingénieur","Sciences, Technologie, Santé","Biologie, environnement","sciences et technologies du vivant et de l’environnement","Bac+2","Bac+5","3.0","180.0","http://www2.agroparistech.fr/Cursus-Ingenieur-AgroParisTech-2111.html","Non","Non","sciences pour l’ingénieur","statistiques et physique","Obligatoire","non-indiqué ","hypothèse : 48h","non-indiqué ","","1.0"
"Ecole_formant_des_élèves_fonctionnaires_ingénieurs","AgroParisTech","Cursus Ingénieur","Sciences, Technologie, Santé","Biologie, environnement","sciences et technologies du vivant et de l’environnement","Bac+2","Bac+5","3.0","180.0","http://www2.agroparistech.fr/Cursus-Ingenieur-AgroParisTech-2111.html","Oui","Oui","Productions durables, filières, territoires","Fonctionnement des écosystèmes, Ressources biologiques, Urbanisme durable, Agriculture","Obligatoire","non-indiqué ","non-indiqué ","non-indiqué ","","1.0"
"Ecole_formant_des_élèves_fonctionnaires_ingénieurs","AgroParisTech","Cursus Ingénieur","Sciences, Technologie, Santé","Biologie, environnement","sciences et technologies du vivant et de l’environnement","Bac+2","Bac+5","3.0","180.0","http://www2.agroparistech.fr/Cursus-Ingenieur-AgroParisTech-2111.html","Oui","Oui","ingénierie des aliments, biomolécules et énergie","Fonctionnement des écosystèmes, Ressources biologiques, Urbanisme durable, Agriculture","Obligatoire","non-indiqué ","non-indiqué ","non-indiqué ","énergie utilisés dans un autre sens ici, flux énergétiques au sein du vivant ==> pas forcément car dans ce domaine on étudie aussi les flux énergétiques en production ou encore la production d'énergie via valorisation de la biomasse (cours de chimie verte)","1.0"
"Ecole_formant_des_élèves_fonctionnaires_ingénieurs","AgroParisTech","Cursus Ingénieur","Sciences, Technologie, Santé","Biologie, environnement","sciences et technologies du vivant et de l’environnement","Bac+2","Bac+5","3.0","180.0","http://www2.agroparistech.fr/Cursus-Ingenieur-AgroParisTech-2111.html","Oui","Oui","gestion et ingenierie de l’environnement","Fonctionnement des écosystèmes, Ressources biologiques, Urbanisme durable, Agriculture, changement climatique","Obligatoire","non-indiqué ","non-indiqué ","non-indiqué ","","1.0"
"Ecole_formant_des_élèves_fonctionnaires_ingénieurs","AgroParisTech","Cursus Ingénieur","Sciences, Technologie, Santé","Biologie, environnement","sciences et technologies du vivant et de l’environnement","Bac+2","Bac+5","3.0","180.0","http://www2.agroparistech.fr/Cursus-Ingenieur-AgroParisTech-2111.html","Oui","Non indiqué","ingénierie et santé : homme, bioproduits, environnement","Fonctionnement des écosystèmes, Ressources biologiques, Urbanisme durable, Agriculture","Obligatoire","non-indiqué ","non-indiqué ","non-indiqué ","","1.0"
"Ecole_formant_des_élèves_fonctionnaires_ingénieurs","AgroParisTech","Cursus Ingénieur","Sciences, Technologie, Santé","Biologie, environnement","sciences et technologies du vivant et de l’environnement","Bac+2","Bac+5","3.0","180.0","http://www2.agroparistech.fr/Cursus-Ingenieur-AgroParisTech-2111.html","Oui","Oui","Domaine 1 -Productions, filières, territoires pour le développement durable - UC secteur végétal et milieu"," Physiologie végétale 12 h
- Interactions plantes-bioagresseurs 6 h
- Epidémiologie et protection des cultures 12 h
- Génétique et amélioration des plantes (sélection variétale) 12 h
- Agronomie – Agroécologie : caractérisation du champ cultivé 12 h
- Agronomie – Agroécologie : conception et évaluation de systèmes de culture 12 h
- Pratiques agricoles et services écosystémiques 6 h","Optionnel","non-indiqué ","72.0","TD + Exposés + Partiel","Questions environnementales/énérgétiques/ éthiques pas du tout abordées en physiologie végétale. Parties agronomie - Agroécologie plus complètes de ce point de vue (question environnementale toujours présente, et prise en compte de la dimension énérgétique dans l'évaluation des systèmes de culture, des pratiques agricoles plus extensives sont évoquées)","1.0"
"Ecole_formant_des_élèves_fonctionnaires_ingénieurs","AgroParisTech","Cursus Ingénieur","Sciences, Technologie, Santé","Biologie, environnement","sciences et technologies du vivant et de l’environnement","Bac+2","Bac+5","3.0","180.0","http://www2.agroparistech.fr/Cursus-Ingenieur-AgroParisTech-2111.html","Oui","Oui ","Domaine 1 -Productions, filières, territoires pour le développement durable - UC secteur animal"," - Élaboration des constituants des denrées animales (12 h)
- Sélection et gestion des populations animales (12 h)
 - Maîtrise de la qualité sanitaire (12 h)
- Maîtrise de la qualité nutritionnelle, technologique et organoleptique (12 h)
- Productions animales et environnement (12h)
-  Approches économiques et sociales des productions et des filières animales (12h)","Optionnel","non-indiqué ","72.0","TD ","Partie assez technique, mais qui aborde les questions de bien-être animal et d'impact environnemental. Les enjeux de la consommation mondial de viande et de son cout énergétique sont bien développés.","1.0"
"Ecole_formant_des_élèves_fonctionnaires_ingénieurs","AgroParisTech","Cursus Ingénieur","Sciences, Technologie, Santé","Biologie, environnement","sciences et technologies du vivant et de l’environnement","Bac+2","Bac+5","3.0","180.0","http://www2.agroparistech.fr/Cursus-Ingenieur-AgroParisTech-2111.html","Oui","Non","Domaine 1 -Productions, filières, territoires pour le développement durable - UC sciences économiques et sociales"," - Les relations verticales au sein des filières
- La qualité dans la chaine alimentaire
- L’équité dans la distribution des produits alimentaires non transformés auprès des consommateurs français (GMS, circuits courts, commerce équitable)
- Agriculteurs et collecteurs devant la gestion du risque-prix
- Initiation à l’analyse de l’action publique (quelle ""gouvernance mondiale"" ?)
- Agriculteurs, forestiers et société : quelle co-action territoriale"" ","Optionnel","non-indiqué ","15.0","TD + Exposés + Partiel","Question sociétales et environnementales abordées mais sans évoquer la transition énergétique.","1.0"
"Ecole_formant_des_élèves_fonctionnaires_ingénieurs","AgroParisTech","Cursus Ingénieur","Sciences, Technologie, Santé","Biologie, environnement","sciences et technologies du vivant et de l’environnement","Bac+2","Bac+5","3.0","180.0","http://www2.agroparistech.fr/Cursus-Ingenieur-AgroParisTech-2111.html","Oui","Oui","Domaine 1 -Productions, filières, territoires pour le développement durable - UC Intégration"," - Diversité des systèmes de production
 - Évaluation des performances des systèmes de production selon les trois dimensions du développement durable (bilan carbone, bilan biodiversité , critères de performance, durabilité des processus de production …","Optionnel","non-indiqué ","15.0","non-indiqué ","","1.0"
"Ecole_formant_des_élèves_fonctionnaires_ingénieurs","AgroParisTech","Cursus Ingénieur","Sciences, Technologie, Santé","Biologie, environnement","sciences et technologies du vivant et de l’environnement","Bac+2","Bac+5","3.0","180.0","http://www2.agroparistech.fr/Cursus-Ingenieur-AgroParisTech-2111.html","Oui","Non","Domaine 2 - Ingénierie des aliments, biomolécules et énergie - UC Sciences des aliments et bioproduits","Chimie, alimentaire, nutrition, qualité","Optionnel","non-indiqué ","36.0","Oral individuel","","1.0"
"Ecole_formant_des_élèves_fonctionnaires_ingénieurs","AgroParisTech","Cursus Ingénieur","Sciences, Technologie, Santé","Biologie, environnement","sciences et technologies du vivant et de l’environnement","Bac+2","Bac+5","3.0","180.0","http://www2.agroparistech.fr/Cursus-Ingenieur-AgroParisTech-2111.html","Oui","Non","Domaine 2 - Ingénierie des aliments, biomolécules et énergie - UC Génie industriel des aliments & bioproduits"," génie des procédés, agro-industrie","Optionnel","non-indiqué ","31.5","Exercices en TD et partiel + rendu de compte-rendu.","","1.0"
"Ecole_formant_des_élèves_fonctionnaires_ingénieurs","AgroParisTech","Cursus Ingénieur","Sciences, Technologie, Santé","Biologie, environnement","sciences et technologies du vivant et de l’environnement","Bac+2","Bac+5","3.0","180.0","http://www2.agroparistech.fr/Cursus-Ingenieur-AgroParisTech-2111.html","Oui","Non","Domaine 2 - Ingénierie des aliments, biomolécules et énergie - UC Transformations microbiennes au service des bio-industries","transformations et procédés microbiens, applications alimentaires et chimie verte","Optionnel","non-indiqué ","22.5","Compte-rendu de TP + oral en groupe (réalisation d'un poster)","","1.0"
"Ecole_formant_des_élèves_fonctionnaires_ingénieurs","AgroParisTech","Cursus Ingénieur","Sciences, Technologie, Santé","Biologie, environnement","sciences et technologies du vivant et de l’environnement","Bac+2","Bac+5","3.0","180.0","http://www2.agroparistech.fr/Cursus-Ingenieur-AgroParisTech-2111.html","Oui","Non","Domaine 2 - Ingénierie des aliments, biomolécules et énergie - UC Secteur et fonctionnement des entreprises","agroalimentaire,  gestion de production et management de ressources, marketing..","Optionnel","non-indiqué ","22.5","Exposés en groupe (sur un secteur agroalimentaire) + partiel","","1.0"
"Ecole_formant_des_élèves_fonctionnaires_ingénieurs","AgroParisTech","Cursus Ingénieur","Sciences, Technologie, Santé","Biologie, environnement","sciences et technologies du vivant et de l’environnement","Bac+2","Bac+5","3.0","180.0","http://www2.agroparistech.fr/Cursus-Ingenieur-AgroParisTech-2111.html","Non","Non","Domaine 2 - Ingénierie des aliments, biomolécules et énergie - UC Ingénerie de la qualité","ingénerie Qualité agro alimentaire","Optionnel","non-indiqué ","22.5","Exposés + partiel","","1.0"
"Ecole_formant_des_élèves_fonctionnaires_ingénieurs","AgroParisTech","Cursus Ingénieur","Sciences, Technologie, Santé","Biologie, environnement","sciences et technologies du vivant et de l’environnement","Bac+2","Bac+5","3.0","180.0","http://www2.agroparistech.fr/Cursus-Ingenieur-AgroParisTech-2111.html","Oui","Oui","Domaine 2 - Ingénierie des aliments, biomolécules et énergie - UC  Evaluation environnementale des filières agro-industrielles","Impacts procédé et produits sur l'environnement des produits/ procédés agro alimentaires, réglementation, enjeux économiques","Optionnel","non-indiqué ","22.5","Compte-rendu de TP, exercice noté, partiel","","1.0"
"Ecole_formant_des_élèves_fonctionnaires_ingénieurs","AgroParisTech","Cursus Ingénieur","Sciences, Technologie, Santé","Biologie, environnement","sciences et technologies du vivant et de l’environnement","Bac+2","Bac+5","3.0","180.0","http://www2.agroparistech.fr/Cursus-Ingenieur-AgroParisTech-2111.html","Oui","Non","Domaine 2 - Ingénierie des aliments, biomolécules et énergie - UC  Consommateur, citoyen, société et offre produit","interaction produit agroalimentaire-cosmétique/consommateur, social et ethique, approche systémique dans la définition de l'offre produit ","Optionnel","non-indiqué ","22.5","Exposés","","1.0"
"Ecole_formant_des_élèves_fonctionnaires_ingénieurs","AgroParisTech","Cursus Ingénieur","Sciences, Technologie, Santé","Biologie, environnement","sciences et technologies du vivant et de l’environnement","Bac+2","Bac+5","3.0","180.0","http://www2.agroparistech.fr/Cursus-Ingenieur-AgroParisTech-2111.html","Oui","Oui","Domaine 3 - Gestion et ingénierie de l’environnement - UC bases scientifiques et techniques de l’ingénierie écologique","     Analyse d’une situation (site atelier).
    Approche par ressources/disciplines : eau (hydrologie), sol (pédologie), atmosphère (bioclimatologie), biodiversité (écologie), paysage (écologie du paysage)
    ","Optionnel","non-indiqué ","72.0","Combinaison cours/terrain/TD
    Validation des acquis par la pertinence et l’argumentation des propositions d’actions","Questions environnementales et énergétiques abordées : prise en compte de l’impact sur la qualité de l’air lors de l’implantation de nouvelles infrasctructures. ","1.0"
"Ecole_formant_des_élèves_fonctionnaires_ingénieurs","AgroParisTech","Cursus Ingénieur","Sciences, Technologie, Santé","Biologie, environnement","sciences et technologies du vivant et de l’environnement","Bac+2","Bac+5","3.0","180.0","http://www2.agroparistech.fr/Cursus-Ingenieur-AgroParisTech-2111.html","Oui","Oui","Domaine 3 - Gestion et ingénierie de l’environnement - UC Gestion et sociologie de l’environnement","Approches gestionnaires et stratégiques : Introduction et présentation des principales méthodes et outils d’aide à la décision- dans la gestion de l’environnement. Stratégies patrimoniales de gestion de- l’environnement. Illustrations sur quelques cas.
Approches sociologiques : Eléments d’anthropologie culturelle pour appréhender le rapport des sociétés- contemporaines à la nature. Construction de l’environnement comme fait social.","Optionnel","non-indiqué ","24.0","Partiel","","1.0"
"Ecole_formant_des_élèves_fonctionnaires_ingénieurs","AgroParisTech","Cursus Ingénieur","Sciences, Technologie, Santé","Biologie, environnement","sciences et technologies du vivant et de l’environnement","Bac+2","Bac+5","3.0","180.0","http://www2.agroparistech.fr/Cursus-Ingenieur-AgroParisTech-2111.html","Oui","Oui","Domaine 3 - Gestion et ingénierie de l’environnement - UC Economie de l’environnement","Externalités et biens publics. Evaluation des biens environnementaux et outils de quantification. Instruments de politique environnementale : taxes, subventions, standards, réglementations. Mesures contre le changement climatique, marchés de droits. Irréversibilité, incertitude, et information croissante","Optionnel","non-indiqué ","24.0","Partiel","","1.0"
"Ecole_formant_des_élèves_fonctionnaires_ingénieurs","AgroParisTech","Cursus Ingénieur","Sciences, Technologie, Santé","Biologie, environnement","sciences et technologies du vivant et de l’environnement","Bac+2","Bac+5","3.0","180.0","http://www2.agroparistech.fr/Cursus-Ingenieur-AgroParisTech-2111.html","Oui","Oui","Domaine 3 - Gestion et ingénierie de l’environnement - UC Politiques et droit de l’environnement","Droit de l’environnement ; L’Administration de l’environnement et ses réformes ; Les instruments d’action publique, leurs limites et leur évolution : « grenellisation » de l’action publique » ; engagements volontaires ; partenariats public/privé ; participation et concertation ; Conférence ; L’Action publique face aux risques et aux catastrophes","Optionnel","non-indiqué ","24.0","DM + Partiel","","1.0"
"Ecole_formant_des_élèves_fonctionnaires_ingénieurs","AgroParisTech","Cursus Ingénieur","Sciences, Technologie, Santé","Biologie, environnement","sciences et technologies du vivant et de l’environnement","Bac+2","Bac+5","3.0","180.0","http://www2.agroparistech.fr/Cursus-Ingenieur-AgroParisTech-2111.html","Oui","Oui","Domaine 3 - Gestion et ingénierie de l’environnement - UC gestion et traitement des données environnementales"," - Méthodes mathématiques et modélisation : Méthodes de classification. Analyse de séries chronologiques. Modèle linéaire- généralisé ;
- Traitement des données géographiques sous SIG : Requêtes sémantiques et requêtes géographiques. Opérations arithmétiques- logiques et statistiques sur les tables de données. Calculs géographiques. ","Optionnel","non-indiqué ","24.0","Compte rendu TP noté","","1.0"
"Ecole_formant_des_élèves_fonctionnaires_ingénieurs","AgroParisTech","Cursus Ingénieur","Sciences, Technologie, Santé","Biologie, environnement","sciences et technologies du vivant et de l’environnement","Bac+2","Bac+5","3.0","180.0","http://www2.agroparistech.fr/Cursus-Ingenieur-AgroParisTech-2111.html","Oui","Oui","Domaine 3 - Gestion et ingénierie de l’environnement - UC introduction aux technologies du traitement des eaux et des déchets ","Chimie et physico-chimie du traitement des eaux et des déchets
Microbiologie du traitement des eaux et des. Déchets
Génie des procédés appliqué au traitement des eaux et des déchets-Etude approfondie d’une unité de traitement-Initiation à l’écologie industrielle","Optionnel","non-indiqué ","24.0","TD (Synthèse bibliographique) + partiel","Questions environnementales et énergétiques abordées. ","1.0"
"Ecole_formant_des_élèves_fonctionnaires_ingénieurs","AgroParisTech","Cursus Ingénieur","Sciences, Technologie, Santé","Biologie, environnement","sciences et technologies du vivant et de l’environnement","Bac+2","Bac+5","3.0","180.0","http://www2.agroparistech.fr/Cursus-Ingenieur-AgroParisTech-2111.html","Non","Improbable","Domaine 4 -Ingénierie et santé : homme, bioproduits, environnement - UC Biologie structurale et santé "," - Complexes d’intégration viraux
- Méthodes d’étude des interactions protéine partenaire
- Assemblages membranaires
- Le ribosome bactérien comme cible d’antibiotiques
- Bases structurales des allergies et intolérances alimentaires
- Prions
- Cibles thérapeutiques pour le HIV
- Interactions de molécules actives avec des cibles de structure connue
- Interactions moléculaires étudiées par double hybrid","Optionnel","non-indiqué ","24.0","QCM + CR TP","","1.0"
"Ecole_formant_des_élèves_fonctionnaires_ingénieurs","AgroParisTech","Cursus Ingénieur","Sciences, Technologie, Santé","Biologie, environnement","sciences et technologies du vivant et de l’environnement","Bac+2","Bac+5","3.0","180.0","http://www2.agroparistech.fr/Cursus-Ingenieur-AgroParisTech-2111.html","Oui","Improbable","Domaine 4 -Ingénierie et santé : homme, bioproduits, environnement - UC Génétique et biologie cellulaire pour la santé"," - Génétique : Du génome à l’identification des gènes d’intérêt et à leur expression [Génétique / Epigénétique]
- Biologie cellulaire et développement : contrôle de la différentiation et de la prolifération cellulaire, apoptose, adressage, rôle des matrices extracellulaires, neurobiologie
- Modélisation de la réponse : Biologie des systèmes de la cellule normale et pathologique
- Ingénierie cellulaire : Modèles cellulaires, génie génétique, ingénierie cellulaire, criblage de molécules actives et pharmacogénomique
- Gestion publique des systèmes de santé
- Gestion de portefeuille d’activités de recherche en pharmacie
- Ethique et réglementation
- Modélisation de la maladie d’Alzheimer","Optionnel","non-indiqué ","36.0","Partiel","","1.0"
"Ecole_formant_des_élèves_fonctionnaires_ingénieurs","AgroParisTech","Cursus Ingénieur","Sciences, Technologie, Santé","Biologie, environnement","sciences et technologies du vivant et de l’environnement","Bac+2","Bac+5","3.0","180.0","http://www2.agroparistech.fr/Cursus-Ingenieur-AgroParisTech-2111.html","Oui","Non indiqué","Domaine 4 -Ingénierie et santé : homme, bioproduits, environnement - UC Aliment, alimentation et santé de l’homme"," - Construction de la qualité nutritionnelle et sensorielle de l’aliment
- Analyse de la qualité nutritionnelle des aliments
- Analyse des propriétés sensorielles des aliments
- Déterminants économiques, sociaux et culturels des choix alimentaires
- Digestions et utilisation postprandiale des aliments (y compris rôle du microbiote intestinal)
- Besoins nutritionnels et recommandations
- Impact des constituants alimentaires et nutriments sur les grandes fonctions
- Les systèmes alimentaires et leur évolution
- Droit alimentaire","Optionnel","non-indiqué ","42.5","Partiel + Oral de groupe","Question environnementale abordée par le prisme de l'impact sur la santé de notre alimentation --> questionnement sur nos besoins et l'importance de veiller à la qualité (sanitaire et environnementale) des aliments que l'on consomme","1.0"
"Ecole_formant_des_élèves_fonctionnaires_ingénieurs","AgroParisTech","Cursus Ingénieur","Sciences, Technologie, Santé","Biologie, environnement","sciences et technologies du vivant et de l’environnement","Bac+2","Bac+5","3.0","180.0","http://www2.agroparistech.fr/Cursus-Ingenieur-AgroParisTech-2111.html","Oui","Non indiqué","Domaine 4 -Ingénierie et santé : homme, bioproduits, environnement - UC Risques sanitaires environnementaux et alimentaires pour l’Homme"," - Problématique générale : Introduction des concepts, présentation des différents types de risques sanitaires pour l’Homme, évolution du cadre réglementaire, présentation des enjeux et des principaux acteurs impliqués
- Les dangers : Présentation des dangers avérés, suspectés, émergents chimiques et microbiologiques, Identification et contrôle des dangers
- Maîtrise des dangers : Démarche HACCP, Maitrise des dangers microbiologiques, Dangers chimiques (modélisation du transfert / devenir des contaminants pour évaluer l’exposition, données d’exposition et estimation via des scénariis d’exposition, biomarqueurs et bioindicateurs)
- Méthodologie d’évaluation quantitative des risques sanitaires 
- Gestion des risques sanitaires ","Optionnel","non-indiqué ","32.0","Partiel + fiches risques chimiques et microbiologiques","Question environnementale abordée par le prisme des impacts sur la santé de l'homme de rejets chimiques et microbiologiques","1.0"
"Ecole_formant_des_élèves_fonctionnaires_ingénieurs","AgroParisTech","Cursus Ingénieur","Sciences, Technologie, Santé","Biologie, environnement","sciences et technologies du vivant et de l’environnement","Bac+2","Bac+5","3.0","180.0","http://www2.agroparistech.fr/Cursus-Ingenieur-AgroParisTech-2111.html","Non","Improbable","Domaine 4 -Ingénierie et santé : homme, bioproduits, environnement - UC  Mathématiques et statistiques pour la santé","  Le modèle SIR
- Le modèle linéaire généralisé
- La classification","Optionnel","non-indiqué ","27.0","Partiel + CR TP","","1.0"
"Ecole_formant_des_élèves_fonctionnaires_ingénieurs","AgroParisTech","Formation ingénieur par apprentissage","Sciences, Technologie, Santé","Biologie, environnement","sciences et technologies du vivant et de l’environnement","Bac+2","Bac+5","3.0","?","http://www2.agroparistech.fr/1ere-annee,2113.html#apprentisssage","Oui","Non indiqué","Non indiqué","non-indiqué ","non-indiqué ","non-indiqué ","non-indiqué ","non-indiqué ","""Toute l’offre de formation d’AgroParisTech est accessible aux apprentis à l’exclusion des parcours en double diplôme. Le détail de la formation par apprentissage sera mis en ligne prochainement.""","1.0"
"Ecole_formant_des_élèves_fonctionnaires_ingénieurs","AgroParisTech","Master Agrosciences, environnement, territoires, paysage, forêt","Sciences, Technologie, Santé","Environnement et territoire","Gestion durable des ressources et des milieux, des paysages et des territoires","Bac+3","Bac+5","2.0","120.0","http://www2.agroparistech.fr/-Agrosciences-environnement-territoires-paysage-foret-Campus-Ile-de-France-.html","Oui","Oui","Climate, land use, ecosystem services (CLUES)","Fonctionnement des écosystèmes","non-indiqué ","non-indiqué ","non-indiqué ","non-indiqué ","","1.0"
"Ecole_formant_des_élèves_fonctionnaires_ingénieurs","AgroParisTech","Master Agrosciences, environnement, territoires, paysage, forêt","Sciences, Technologie, Santé","Environnement et territoire","Gestion durable des ressources et des milieux, des paysages et des territoires","Bac+3","Bac+5","2.0","120.0","http://www2.agroparistech.fr/-Agrosciences-environnement-territoires-paysage-foret-Campus-Ile-de-France-.html","Oui","Oui","Environnement : dynamiques, territoires et               
sociétés / Développement durable, biodiversité et 
aménagement des territoires (EDTS – DEBATS","Développement durable, Occupation des sols","non-indiqué ","non-indiqué ","non-indiqué ","non-indiqué ","","1.0"
"Ecole_formant_des_élèves_fonctionnaires_ingénieurs","AgroParisTech","Master Biodiversité, écologie et évolution","Sciences, Technologie, Santé","Biologie, environnement","Comprendre et résoudre des problèmes concernant la biodiversité","Bac+3","Bac+5","2.0","120.0","http://www2.agroparistech.fr/-Biodiversite-ecologie-evolution-Campus-Ile-de-france-.html","Oui","Oui","Environnement : dynamiques, territoires et               
sociétés / Développement durable, biodiversité et 
aménagement des territoires (EDTS – DEBATS","Développement durable, Occupation des sols","non-indiqué ","non-indiqué ","non-indiqué ","non-indiqué ","","1.0"
"Ecole_formant_des_élèves_fonctionnaires_ingénieurs","AgroParisTech","Master Biodiversité, écologie et évolution","Sciences, Technologie, Santé","Biologie, environnement","Comprendre et résoudre des problèmes concernant la biodiversité","Bac+3","Bac+5","2.0","120.0","http://www2.agroparistech.fr/-Biodiversite-ecologie-evolution-Campus-Ile-de-france-.html","Oui","Oui","Génomique et environnement
(GE)","Fonctionnement des écosystèmes","non-indiqué ","non-indiqué ","non-indiqué ","non-indiqué ","","1.0"
"Ecole_formant_des_élèves_fonctionnaires_ingénieurs","AgroParisTech","Master Biologie intégrative et physiologie","Sciences, Technologie, Santé","Biologie, environnement","Connaissances et savoir-faire en biologie liés à l’agriculture, l’alimentation et l’environnement et associés à des approches d’ingénierie du vivan","Bac+3","Bac+5","2.0","120.0","http://www2.agroparistech.fr/-Biologie-integrative-et-physiologie-.html","Oui","Oui","M1 Biologie des systèmes et modélisation pour 
l'ingénierie du vivant","Fonctionnement des écosystèmes (?)","non-indiqué ","non-indiqué ","non-indiqué ","non-indiqué ","","1.0"
"Ecole_formant_des_élèves_fonctionnaires_ingénieurs","AgroParisTech","Master Biologie intégrative et physiologie","Sciences, Technologie, Santé","Biologie, environnement","Connaissances et savoir-faire en biologie liés à l’agriculture, l’alimentation et l’environnement et associés à des approches d’ingénierie du vivan","Bac+3","Bac+5","2.0","120.0","http://www2.agroparistech.fr/-Biologie-integrative-et-physiologie-.html","Oui","Oui","Génomique et environnement
(GE)","Fonctionnement des écosystèmes","non-indiqué ","non-indiqué ","non-indiqué ","non-indiqué ","","1.0"
"Ecole_formant_des_élèves_fonctionnaires_ingénieurs","AgroParisTech","Master Biologie intégrative et physiologie","Sciences, Technologie, Santé","Biologie, environnement","Connaissances et savoir-faire en biologie liés à l’agriculture, l’alimentation et l’environnement et associés à des approches d’ingénierie du vivan","Bac+3","Bac+5","2.0","120.0","http://www2.agroparistech.fr/-Biologie-integrative-et-physiologie-.html","Oui","Oui"," Predictive and integrative animal biology (PRIAM)","Fonctionnement des écosystèmes","non-indiqué ","non-indiqué ","non-indiqué ","non-indiqué ","","1.0"
"Ecole_formant_des_élèves_fonctionnaires_ingénieurs","AgroParisTech","Master Économie de l’environnement, de l’énergie et des transports","Sciences, Technologie, Santé","Economie, environnement , energies","Questions d’énergie et d’environnement en économie","Bac+3","Bac+5","2.0","120.0","http://www2.agroparistech.fr/-Economie-de-l-environnement-de-l-energie-et-des-transports-.html","Oui","Oui","Economie de l’environnement","Environnement et climat, développement durable, économie de la forêt , économie de la biomasse,économie de l’agriculture","Obligatoire","non-indiqué ","non-indiqué ","non-indiqué ","Tres Pertinent","1.0"
"Ecole_formant_des_élèves_fonctionnaires_ingénieurs","AgroParisTech","Master Économie de l’environnement, de l’énergie et des transports","Sciences, Technologie, Santé","Economie, environnement , energies","Questions d’énergie et d’environnement en économie","Bac+3","Bac+5","2.0","120.0","http://www2.agroparistech.fr/-Economie-de-l-environnement-de-l-energie-et-des-transports-.html","Oui","Oui","Economie de l’énergie","Surexploitation des ressources naturelles, énergies renouvelables,","Obligatoire","non-indiqué ","non-indiqué ","non-indiqué ","Tres Pertinent","1.0"
"Ecole_formant_des_élèves_fonctionnaires_ingénieurs","AgroParisTech","Master Économie de l’environnement, de l’énergie et des transports","Sciences, Technologie, Santé","Economie, environnement , energies","Questions d’énergie et d’environnement en économie","Bac+3","Bac+5","2.0","120.0","http://www2.agroparistech.fr/-Economie-de-l-environnement-de-l-energie-et-des-transports-.html","Oui","Oui","Modélisation prospective : économie, énergie, 
environnement","Modélisation de l’environnement et du climat,  gestion des conflits environnementaux","Obligatoire","non-indiqué ","non-indiqué ","non-indiqué ","Tres Pertinent","1.0"
"Ecole_formant_des_élèves_fonctionnaires_ingénieurs","AgroParisTech","Master Génie des procédés et des bio-procédés","Sciences, Technologie, Santé","Biologie, environnement, génie des procédés","Alimentation, biologie et environnement, appliqués à l'industrie, cela par une  approche « procédés ».","Bac+3","Bac+5","2.0","120.0","http://www2.agroparistech.fr/-Genie-des-procedes-et-bio-procedes-.html","Oui","Oui","Procédés, Energie, Environnement","Energie, Envoironnement","non-indiqué ","non-indiqué ","non-indiqué ","TP, TD, stage","","1.0"
"Ecole_formant_des_élèves_fonctionnaires_ingénieurs","AgroParisTech","Master Géomatique","Sciences, Technologie, Santé","Environnement, territoire, science de l'ingénieur, géographie","Sciences de l’information géographique et de leurs applications dans les domaines des territoires et de l’environnement ","Bac+3","Bac+5","2.0","120.0","http://www2.agroparistech.fr/-Geomatique-.html","Oui","Non indiqué","Pas d'info","territoire, environnement, ressources naturelles, transport, information, cartographie, observatoire","non-indiqué ","non-indiqué ","non-indiqué ","non-indiqué ","","1.0"
"Ecole_formant_des_élèves_fonctionnaires_ingénieurs","AgroParisTech","Master Gestion des territoires et développement local","Droit, Economie, Gestion","Environnement, territoire, politique publiques et  projet","Savoir analyser, anticiper, sensibiliser, former et mobiliser les acteurs autour de stratégies collectives adaptatives et innovantes.","Bac+3","Bac+5","2.0","120.0","http://www2.agroparistech.fr/-Gestion-des-territoires-et-developpement-local-Campus-Ile-de-France-.html","Oui","Oui","Gouvernance de la transition, écologie et sociétés","former des gestionnaires de projet pour gérer les conditions d’une 
transition écologique de durabilité forte.  environnement de plus 
en plus incertain, marqué par des irréversibilités.
gérer les interactions entre le milieu humain et le milieu naturel et leurs 
conséquences","non-indiqué ","non-indiqué ","non-indiqué ","non-indiqué ","Pertinent","1.0"
"Ecole_formant_des_élèves_fonctionnaires_ingénieurs","AgroParisTech","Master informatique","Sciences, Technologie, Santé","Informatique et réseaux","Former aux fondements théoriques de l’informatique, les différents concepts et les outils, de s’adapter et d’anticiper les évolutions technologiques.","Bac+3","Bac+5","2.0","120.0","http://www2.agroparistech.fr/-Informatique-.html","Non","Non","","","","","","","","1.0"
"Ecole_formant_des_élèves_fonctionnaires_ingénieurs","AgroParisTech","Master Innovation, entreprise et société","Sciences Humaines et sociales","Sciences sociales, innovation","Principalement Sciences Humaines et Sociales, mais aussi technologique et scientifique sur la thématique de l’innovation","Bac+3","Bac+5","2.0","120.0","http://www2.agroparistech.fr/-Innovation-entreprise-et-societe-.html","Oui","Non","eau, énergie, environnement","Innovation et création de la valeur dans le domaine de l'environnement, eau, énergie.","Optionnel","5.0","60.0","Conduite d'un projet d'innovation sur une thématique eau ou énergie en groupe.
Présentation publique","","1.0"
"Ecole_formant_des_élèves_fonctionnaires_ingénieurs","AgroParisTech","Master Mathématiques et applications","Sciences, Technologie, Santé","Mathématiques, biologie","Mathématiques du vivant","Bac+3","Bac+5","2.0","120.0","http://www2.agroparistech.fr/-Mathematiques-et-applications-.html","Non","Non","","","","","","","","1.0"
"Ecole_formant_des_élèves_fonctionnaires_ingénieurs","AgroParisTech","Master Nutrition et science des aliments","Sciences, Technologie, Santé","Biologie, santé, génie des procédés","méthodes d’approche de la complexité de l’aliment et des bioproduits, et à la mise en œuvre des méthodes de construction des composantes de la qualité des produits","Bac+3","Bac+5","2.0","120.0","http://www2.agroparistech.fr/-Nutrition-et-sciences-des-aliments-.html","Non","Non","","","","","","","","1.0"
"Ecole_formant_des_élèves_fonctionnaires_ingénieurs","AgroParisTech","Master Sciences de l’eau - eau et agriculture","Sciences, Technologie, Santé","Hydrologie, hydrodynamique, environement, agriculture"," enjeux, questions et solutions à l’interface de l’eau et de l’agriculture, de l’eau et de la plante (conception et gestion des paysages cultivés, eau-alimentation-énergie, adaptation des relations eau-agriculture face au changement climatique, etc)","Bac+3","Bac+5","2.0","120.0","http://www2.agroparistech.fr/Eau-et-agriculture-3179.html","Oui","Oui","adaptation des relations eau-agriculture face au changement climatique","Agriculture, changement climatique","Obligatoire","","","","","1.0"
"Ecole_formant_des_élèves_fonctionnaires_ingénieurs","AgroParisTech","Master Sciences de l’eau - eau et sociétés","Droit, Economie, Gestion","Hydrologie, hydrodynamique, environement, agriculture","Processus socio-économiques entre les hydrosystèmes et la société, et cadre juridique de la gestion de l’eau.","Bac+3","Bac+5","2.0","120.0","http://www2.agroparistech.fr/Eau-et-agriculture-3179.html","Oui","Non indiqué","non-indiqué ","non-indiqué ","non-indiqué ","non-indiqué ","non-indiqué ","non-indiqué ","","1.0"
"Ecole_formant_des_élèves_fonctionnaires_ingénieurs","AgroParisTech","Master 2 Energie","Sciences, Technologie, Santé","Energies renouvelables ; Biomasse et bioénergie ","Ensemble des aspects scientifiques et techniques du secteur des énergies renouvelables : photovoltaïque, éolien et hydrolien, vecteurs et stockage, réseaux électriques…","Bac+3","Bac+5","2.0","120.0","http://www2.agroparistech.fr/-Energie-.html","Oui","Oui","Photovoltaics solar energy","Photovoltaïque","Obligatoire","4.0","36.0","Examen","","1.0"
"Ecole_formant_des_élèves_fonctionnaires_ingénieurs","AgroParisTech","Master 2 Energie","Sciences, Technologie, Santé","Energies renouvelables ; Biomasse et bioénergie ","Ensemble des aspects scientifiques et techniques du secteur des énergies renouvelables : photovoltaïque, éolien et hydrolien, vecteurs et stockage, réseaux électriques…","Bac+3","Bac+5","2.0","120.0","http://www2.agroparistech.fr/-Energie-.html","Oui","Oui","Thin film photovoltaics","Photovoltaïque","Obligatoire","4.0","36.0","Examen","","1.0"
"Ecole_formant_des_élèves_fonctionnaires_ingénieurs","AgroParisTech","Master 2 Energie","Sciences, Technologie, Santé","Energies renouvelables ; Biomasse et bioénergie ","Ensemble des aspects scientifiques et techniques du secteur des énergies renouvelables : photovoltaïque, éolien et hydrolien, vecteurs et stockage, réseaux électriques…","Bac+3","Bac+5","2.0","120.0","http://www2.agroparistech.fr/-Energie-.html","Oui","Oui","Photovoltaic technology in industries","Photovoltaïque","Obligatoire","4.0","36.0","Examen","","1.0"
"Ecole_formant_des_élèves_fonctionnaires_ingénieurs","AgroParisTech","Master 2 Energie","Sciences, Technologie, Santé","Energies renouvelables ; Biomasse et bioénergie ","Ensemble des aspects scientifiques et techniques du secteur des énergies renouvelables : photovoltaïque, éolien et hydrolien, vecteurs et stockage, réseaux électriques…","Bac+3","Bac+5","2.0","120.0","http://www2.agroparistech.fr/-Energie-.html","Oui","Oui","Polymers for photovoltaics","Photovoltaïque","Obligatoire","4.0","36.0","Examen","","1.0"
"Ecole_formant_des_élèves_fonctionnaires_ingénieurs","AgroParisTech","Master 2 Energie","Sciences, Technologie, Santé","Energies renouvelables ; Biomasse et bioénergie ","Ensemble des aspects scientifiques et techniques du secteur des énergies renouvelables : photovoltaïque, éolien et hydrolien, vecteurs et stockage, réseaux électriques…","Bac+3","Bac+5","2.0","120.0","http://www2.agroparistech.fr/-Energie-.html","Oui","Oui","Chemical storage of energy","Stocage d'énergie","Obligatoire","4.0","36.0","Examen","","1.0"
"Ecole_formant_des_élèves_fonctionnaires_ingénieurs","AgroParisTech","Master 2 Energie","Sciences, Technologie, Santé","Energies renouvelables ; Biomasse et bioénergie ","Ensemble des aspects scientifiques et techniques du secteur des énergies renouvelables : photovoltaïque, éolien et hydrolien, vecteurs et stockage, réseaux électriques…","Bac+3","Bac+5","2.0","120.0","http://www2.agroparistech.fr/-Energie-.html","Oui","Oui","Renewable thermal energy","Energie thermique","Obligatoire","4.0","36.0","Examen","","1.0"
"Ecole_formant_des_élèves_fonctionnaires_ingénieurs","AgroParisTech","Master 2 Energie","Sciences, Technologie, Santé","Energies renouvelables ; Biomasse et bioénergie ","Ensemble des aspects scientifiques et techniques du secteur des énergies renouvelables : photovoltaïque, éolien et hydrolien, vecteurs et stockage, réseaux électriques…","Bac+3","Bac+5","2.0","120.0","http://www2.agroparistech.fr/-Energie-.html","Oui","Oui","Power electrical engineering for renewable energy","Energie renouvelables","Obligatoire","4.0","36.0","Examen","","1.0"
"Ecole_formant_des_élèves_fonctionnaires_ingénieurs","AgroParisTech","Master 2 Energie","Sciences, Technologie, Santé","Energies renouvelables ; Biomasse et bioénergie ","Ensemble des aspects scientifiques et techniques du secteur des énergies renouvelables : photovoltaïque, éolien et hydrolien, vecteurs et stockage, réseaux électriques…","Bac+3","Bac+5","2.0","120.0","http://www2.agroparistech.fr/-Energie-.html","Oui","Oui","Smart grid for renewable energy","Mix energétique","Obligatoire","4.0","36.0","Examen","","1.0"
"Ecole_formant_des_élèves_fonctionnaires_ingénieurs","AgroParisTech","Master 2 Energie","Sciences, Technologie, Santé","Energies renouvelables ; Biomasse et bioénergie ","Ensemble des aspects scientifiques et techniques du secteur des énergies renouvelables : photovoltaïque, éolien et hydrolien, vecteurs et stockage, réseaux électriques…","Bac+3","Bac+5","2.0","120.0","http://www2.agroparistech.fr/-Energie-.html","Oui","Oui","Advanced experimental smart grid","Mix energétique","Obligatoire","4.0","36.0","Examen","","1.0"
"Ecole_formant_des_élèves_fonctionnaires_ingénieurs","AgroParisTech","Master 2 Energie","Sciences, Technologie, Santé","Energies renouvelables ; Biomasse et bioénergie ","Ensemble des aspects scientifiques et techniques du secteur des énergies renouvelables : photovoltaïque, éolien et hydrolien, vecteurs et stockage, réseaux électriques…","Bac+3","Bac+5","2.0","120.0","http://www2.agroparistech.fr/-Energie-.html","Oui","Oui","Stochastic adn dynamic optimization : adaptive storage and delivery of renewable energies","Mix energétique","Obligatoire","4.0","36.0","Examen","","1.0"
"Ecole_formant_des_élèves_fonctionnaires_ingénieurs","AgroParisTech","Master 2 Energie","Sciences, Technologie, Santé","Energies renouvelables ; Biomasse et bioénergie ","Ensemble des aspects scientifiques et techniques du secteur des énergies renouvelables : photovoltaïque, éolien et hydrolien, vecteurs et stockage, réseaux électriques…","Bac+3","Bac+5","2.0","120.0","http://www2.agroparistech.fr/-Energie-.html","Oui","Oui","wind power","Ressource energétique","Obligatoire","4.0","36.0","Examen","","1.0"
"Ecole_formant_des_élèves_fonctionnaires_ingénieurs","AgroParisTech","Master 2 Energie","Sciences, Technologie, Santé","Energies renouvelables ; Biomasse et bioénergie ","Ensemble des aspects scientifiques et techniques du secteur des énergies renouvelables : photovoltaïque, éolien et hydrolien, vecteurs et stockage, réseaux électriques…","Bac+3","Bac+5","2.0","120.0","http://www2.agroparistech.fr/-Energie-.html","Oui","Oui","hydro, wind and marine ressources","Mix energétique","Obligatoire","4.0","36.0","Examen","","1.0"
"Ecole_formant_des_élèves_fonctionnaires_ingénieurs","AgroParisTech","Master 2 Energie","Sciences, Technologie, Santé","Energies renouvelables ; Biomasse et bioénergie ","Ensemble des aspects scientifiques et techniques du secteur des énergies renouvelables : photovoltaïque, éolien et hydrolien, vecteurs et stockage, réseaux électriques…","Bac+3","Bac+5","2.0","120.0","http://www2.agroparistech.fr/-Energie-.html","Oui","Oui","fluid structure coupling in offshore wind and marine energy","Mix energétique","Obligatoire","4.0","36.0","Examen","","1.0"
"Ecole_formant_des_élèves_fonctionnaires_ingénieurs","AgroParisTech","Master 2 Energie","Sciences, Technologie, Santé","Energies renouvelables ; Biomasse et bioénergie ","Ensemble des aspects scientifiques et techniques du secteur des énergies renouvelables : photovoltaïque, éolien et hydrolien, vecteurs et stockage, réseaux électriques…","Bac+3","Bac+5","2.0","120.0","http://www2.agroparistech.fr/-Energie-.html","Oui","Oui","Naure-based solutions to substitute fossil ressources and address global change","Mix energétique, Transition énergétique","Obligatoire","4.0","36.0","Examen","","1.0"
"Ecole_formant_des_élèves_fonctionnaires_ingénieurs","AgroParisTech","Master 2 Energie","Sciences, Technologie, Santé","Energies renouvelables ; Biomasse et bioénergie ","Ensemble des aspects scientifiques et techniques du secteur des énergies renouvelables : photovoltaïque, éolien et hydrolien, vecteurs et stockage, réseaux électriques…","Bac+3","Bac+5","2.0","120.0","http://www2.agroparistech.fr/-Energie-.html","Oui","Oui","Environnement and development economics of cities","Transition énergétique","Obligatoire","4.0","36.0","Examen","","1.0"
"Ecole_formant_des_élèves_fonctionnaires_ingénieurs","AgroParisTech","Doctorat","Sciences, Technologie, Santé","Sciences de la vie, sciences de la terre, economie, sociale, territoire, hydrologie, physique, biologie, procédé, mathématiques, informatique, environnement","Thèse :  formation à la recherche et par la recherche","Bac+5","Bac+6","3.0","","http://www2.agroparistech.fr/Doctorat,25.html","Oui","Non indiqué","non-indiqué ","non-indiqué ","non-indiqué ","non-indiqué ","non-indiqué ","non-indiqué ","","1.0"
"","","","","","","","","","","","","","","","","","","","","1.0"
"","","","","","","","","","","","","","","","","","","","","1.0"
"","","","","","","","","","","","","","","","","","","","","1.0"
"","","","","","","","","","","","","","","","","","","","","1.0"
"","","","","","","","","","","","","","","","","","","","","1.0"
"","","","","","","","","","","","","","","","","","","","","1.0"
"","","","","","","","","","","","","","","","","","","","","1.0"
"","","","","","","","","","","","","","","","","","","","","1.0"
"","","","","","","","","","","","","","","","","","","","","1.0"
"","","","","","","","","","","","","","","","","","","","","1.0"
"","","","","","","","","","","","","","","","","","","","","1.0"
"","","","","","","","","","","","","","","","","","","","","1.0"
"","","","","","","","","","","","","","","","","","","","","1.0"
"","","","","","","","","","","","","","","","","","","","","1.0"
"","","","","","","","","","","","","","","","","","","","","1.0"
"","","","","","","","","","","","","","","","","","","","","1.0"
"","","","","","","","","","","","","","","","","","","","","1.0"
"","","","","","","","","","","","","","","","","","","","","1.0"
"","","","","","","","","","","","","","","","","","","","","1.0"
"","","","","","","","","","","","","","","","","","","","","1.0"
"","","","","","","","","","","","","","","","","","","","","1.0"
"","","","","","","","","","","","","","","","","","","","","1.0"
"","","","","","","","","","","","","","","","","","","","","1.0"
"","","","","","","","","","","","","","","","","","","","","1.0"
"","","","","","","","","","","","","","","","","","","","","1.0"
"","","","","","","","","","","","","","","","","","","","","1.0"
"","","","","","","","","","","","","","","","","","","","","1.0"
"","","","","","","","","","","","","","","","","","","","","1.0"
"","","","","","","","","","","","","","","","","","","","","1.0"
"","","","","","","","","","","","","","","","","","","","","1.0"
"","","","","","","","","","","","","","","","","","","","","1.0"
"","","","","","","","","","","","","","","","","","","","","1.0"
"","","","","","","","","","","","","","","","","","","","","1.0"
"","","","","","","","","","","","","","","","","","","","","1.0"
"","","","","","","","","","","","","","","","","","","","","1.0"
"","","","","","","","","","","","","","","","","","","","","1.0"
"","","","","","","","","","","","","","","","","","","","","1.0"
"","","","","","","","","","","","","","","","","","","","","1.0"
"","","","","","","","","","","","","","","","","","","","","1.0"
"","","","","","","","","","","","","","","","","","","","","1.0"
"","","","","","","","","","","","","","","","","","","","","1.0"
"","","","","","","","","","","","","","","","","","","","","1.0"
"","","","","","","","","","","","","","","","","","","","","1.0"
"","","","","","","","","","","","","","","","","","","","","1.0"
"","","","","","","","","","","","","","","","","","","","","1.0"
"","","","","","","","","","","","","","","","","","","","","1.0"
"","","","","","","","","","","","","","","","","","","","","1.0"
"","","","","","","","","","","","","","","","","","","","","1.0"
"","","","","","","","","","","","","","","","","","","","","1.0"
"","","","","","","","","","","","","","","","","","","","","1.0"
"","","","","","","","","","","","","","","","","","","","","1.0"
"","","","","","","","","","","","","","","","","","","","","1.0"
"","","","","","","","","","","","","","","","","","","","","1.0"
"","","","","","","","","","","","","","","","","","","","","1.0"
"","","","","","","","","","","","","","","","","","","","","1.0"
"","","","","","","","","","","","","","","","","","","","","1.0"
"","","","","","","","","","","","","","","","","","","","","1.0"
"","","","","","","","","","","","","","","","","","","","","1.0"
"","","","","","","","","","","","","","","","","","","","","1.0"
"","","","","","","","","","","","","","","","","","","","","1.0"
"","","","","","","","","","","","","","","","","","","","","1.0"
"","","","","","","","","","","","","","","","","","","","","1.0"
"","","","","","","","","","","","","","","","","","","","","1.0"
"","","","","","","","","","","","","","","","","","","","","1.0"
"","","","","","","","","","","","","","","","","","","","","1.0"
"","","","","","","","","","","","","","","","","","","","","1.0"
"","","","","","","","","","","","","","","","","","","","","1.0"
"","","","","","","","","","","","","","","","","","","","","1.0"
"","","","","","","","","","","","","","","","","","","","","1.0"
"","","","","","","","","","","","","","","","","","","","","1.0"
"","","","","","","","","","","","","","","","","","","","","1.0"
"","","","","","","","","","","","","","","","","","","","","1.0"
"","","","","","","","","","","","","","","","","","","","","1.0"
"","","","","","","","","","","","","","","","","","","","","1.0"
"","","","","","","","","","","","","","","","","","","","","1.0"
"","","","","","","","","","","","","","","","","","","","","1.0"
"","","","","","","","","","","","","","","","","","","","","1.0"
"","","","","","","","","","","","","","","","","","","","","1.0"
"","","","","","","","","","","","","","","","","","","","","1.0"
"","","","","","","","","","","","","","","","","","","","","1.0"
"","","","","","","","","","","","","","","","","","","","","1.0"
"","","","","","","","","","","","","","","","","","","","","1.0"
"","","","","","","","","","","","","","","","","","","","","1.0"
"","","","","","","","","","","","","","","","","","","","","1.0"
"","","","","","","","","","","","","","","","","","","","","1.0"
"","","","","","","","","","","","","","","","","","","","","1.0"
"","","","","","","","","","","","","","","","","","","","","1.0"
"","","","","","","","","","","","","","","","","","","","","1.0"
"","","","","","","","","","","","","","","","","","","","","1.0"
"","","","","","","","","","","","","","","","","","","","","1.0"
"","","","","","","","","","","","","","","","","","","","","1.0"
"","","","","","","","","","","","","","","","","","","","","1.0"
"","","","","","","","","","","","","","","","","","","","","1.0"
"","","","","","","","","","","","","","","","","","","","","1.0"
"","","","","","","","","","","","","","","","","","","","","1.0"
"","","","","","","","","","","","","","","","","","","","","1.0"
"","","","","","","","","","","","","","","","","","","","","1.0"
"","","","","","","","","","","","","","","","","","","","","1.0"
"","","","","","","","","","","","","","","","","","","","","1.0"
"","","","","","","","","","","","","","","","","","","","","1.0"
"","","","","","","","","","","","","","","","","","","","","1.0"
"","","","","","","","","","","","","","","","","","","","","1.0"
"","","","","","","","","","","","","","","","","","","","","1.0"
"","","","","","","","","","","","","","","","","","","","","1.0"
"","","","","","","","","","","","","","","","","","","","","1.0"
"","","","","","","","","","","","","","","","","","","","","1.0"
"","","","","","","","","","","","","","","","","","","","","1.0"
"","","","","","","","","","","","","","","","","","","","","1.0"
"","","","","","","","","","","","","","","","","","","","","1.0"
"","","","","","","","","","","","","","","","","","","","","1.0"
"","","","","","","","","","","","","","","","","","","","","1.0"
"","","","","","","","","","","","","","","","","","","","","1.0"
"","","","","","","","","","","","","","","","","","","","","1.0"
"","","","","","","","","","","","","","","","","","","","","1.0"
"","","","","","","","","","","","","","","","","","","","","1.0"
"","","","","","","","","","","","","","","","","","","","","1.0"
"","","","","","","","","","","","","","","","","","","","","1.0"
"","","","","","","","","","","","","","","","","","","","","1.0"
"","","","","","","","","","","","","","","","","","","","","1.0"
"","","","","","","","","","","","","","","","","","","","","1.0"
"","","","","","","","","","","","","","","","","","","","","1.0"
"","","","","","","","","","","","","","","","","","","","","1.0"
"","","","","","","","","","","","","","","","","","","","","1.0"
"","","","","","","","","","","","","","","","","","","","","1.0"
"","","","","","","","","","","","","","","","","","","","","1.0"
"","","","","","","","","","","","","","","","","","","","","1.0"
"","","","","","","","","","","","","","","","","","","","","1.0"
"","","","","","","","","","","","","","","","","","","","","1.0"
"","","","","","","","","","","","","","","","","","","","","1.0"
"","","","","","","","","","","","","","","","","","","","","1.0"
"","","","","","","","","","","","","","","","","","","","","1.0"
"","","","","","","","","","","","","","","","","","","","","1.0"
"","","","","","","","","","","","","","","","","","","","","1.0"
"","","","","","","","","","","","","","","","","","","","","1.0"
"","","","","","","","","","","","","","","","","","","","","1.0"
"","","","","","","","","","","","","","","","","","","","","1.0"
"","","","","","","","","","","","","","","","","","","","","1.0"
"","","","","","","","","","","","","","","","","","","","","1.0"
"","","","","","","","","","","","","","","","","","","","","1.0"
"","","","","","","","","","","","","","","","","","","","","1.0"
"","","","","","","","","","","","","","","","","","","","","1.0"
"","","","","","","","","","","","","","","","","","","","","1.0"
"","","","","","","","","","","","","","","","","","","","","1.0"
"","","","","","","","","","","","","","","","","","","","","1.0"
"","","","","","","","","","","","","","","","","","","","","1.0"
"","","","","","","","","","","","","","","","","","","","","1.0"
"","","","","","","","","","","","","","","","","","","","","1.0"
"","","","","","","","","","","","","","","","","","","","","1.0"
"","","","","","","","","","","","","","","","","","","","","1.0"
"","","","","","","","","","","","","","","","","","","","","1.0"
"","","","","","","","","","","","","","","","","","","","","1.0"
"","","","","","","","","","","","","","","","","","","","","1.0"
"","","","","","","","","","","","","","","","","","","","","1.0"
"","","","","","","","","","","","","","","","","","","","","1.0"
"","","","","","","","","","","","","","","","","","","","","1.0"
"","","","","","","","","","","","","","","","","","","","","1.0"
"","","","","","","","","","","","","","","","","","","","","1.0"
"","","","","","","","","","","","","","","","","","","","","1.0"
"","","","","","","","","","","","","","","","","","","","","1.0"
"","","","","","","","","","","","","","","","","","","","","1.0"
"","","","","","","","","","","","","","","","","","","","","1.0"
"","","","","","","","","","","","","","","","","","","","","1.0"
"","","","","","","","","","","","","","","","","","","","","1.0"
"","","","","","","","","","","","","","","","","","","","","1.0"
"","","","","","","","","","","","","","","","","","","","","1.0"
"","","","","","","","","","","","","","","","","","","","","1.0"
"","","","","","","","","","","","","","","","","","","","","1.0"
"","","","","","","","","","","","","","","","","","","","","1.0"
"","","","","","","","","","","","","","","","","","","","","1.0"
"","","","","","","","","","","","","","","","","","","","","1.0"
"","","","","","","","","","","","","","","","","","","","","1.0"
"","","","","","","","","","","","","","","","","","","","","1.0"
"","","","","","","","","","","","","","","","","","","","","1.0"
"","","","","","","","","","","","","","","","","","","","","1.0"
"","","","","","","","","","","","","","","","","","","","","1.0"
"","","","","","","","","","","","","","","","","","","","","1.0"
"","","","","","","","","","","","","","","","","","","","","1.0"
"","","","","","","","","","","","","","","","","","","","","1.0"
"","","","","","","","","","","","","","","","","","","","","1.0"
"","","","","","","","","","","","","","","","","","","","","1.0"
"","","","","","","","","","","","","","","","","","","","","1.0"
"","","","","","","","","","","","","","","","","","","","","1.0"
"","","","","","","","","","","","","","","","","","","","","1.0"
"","","","","","","","","","","","","","","","","","","","","1.0"
"","","","","","","","","","","","","","","","","","","","","1.0"
"","","","","","","","","","","","","","","","","","","","","1.0"
"","","","","","","","","","","","","","","","","","","","","1.0"
"","","","","","","","","","","","","","","","","","","","","1.0"
"","","","","","","","","","","","","","","","","","","","","1.0"
"","","","","","","","","","","","","","","","","","","","","1.0"
"","","","","","","","","","","","","","","","","","","","","1.0"
"","","","","","","","","","","","","","","","","","","","","1.0"
"","","","","","","","","","","","","","","","","","","","","1.0"
"","","","","","","","","","","","","","","","","","","","","1.0"
"","","","","","","","","","","","","","","","","","","","","1.0"
"","","","","","","","","","","","","","","","","","","","","1.0"
"","","","","","","","","","","","","","","","","","","","","1.0"
"","","","","","","","","","","","","","","","","","","","","1.0"
"","","","","","","","","","","","","","","","","","","","","1.0"
"","","","","","","","","","","","","","","","","","","","","1.0"
"","","","","","","","","","","","","","","","","","","","","1.0"
"","","","","","","","","","","","","","","","","","","","","1.0"
"","","","","","","","","","","","","","","","","","","","","1.0"
"","","","","","","","","","","","","","","","","","","","","1.0"
"","","","","","","","","","","","","","","","","","","","","1.0"
"","","","","","","","","","","","","","","","","","","","","1.0"
"","","","","","","","","","","","","","","","","","","","","1.0"
"","","","","","","","","","","","","","","","","","","","","1.0"
"","","","","","","","","","","","","","","","","","","","","1.0"
"","","","","","","","","","","","","","","","","","","","","1.0"
"","","","","","","","","","","","","","","","","","","","","1.0"
"","","","","","","","","","","","","","","","","","","","","1.0"
"","","","","","","","","","","","","","","","","","","","","1.0"
"","","","","","","","","","","","","","","","","","","","","1.0"
"","","","","","","","","","","","","","","","","","","","","1.0"
"","","","","","","","","","","","","","","","","","","","","1.0"
"","","","","","","","","","","","","","","","","","","","","1.0"
"","","","","","","","","","","","","","","","","","","","","1.0"
"","","","","","","","","","","","","","","","","","","","","1.0"
"","","","","","","","","","","","","","","","","","","","","1.0"
"","","","","","","","","","","","","","","","","","","","","1.0"
"","","","","","","","","","","","","","","","","","","","","1.0"
"","","","","","","","","","","","","","","","","","","","","1.0"
"","","","","","","","","","","","","","","","","","","","","1.0"
"","","","","","","","","","","","","","","","","","","","","1.0"
"","","","","","","","","","","","","","","","","","","","","1.0"
"","","","","","","","","","","","","","","","","","","","","1.0"
"","","","","","","","","","","","","","","","","","","","","1.0"
"","","","","","","","","","","","","","","","","","","","","1.0"
"","","","","","","","","","","","","","","","","","","","","1.0"
"","","","","","","","","","","","","","","","","","","","","1.0"
"","","","","","","","","","","","","","","","","","","","","1.0"
"","","","","","","","","","","","","","","","","","","","","1.0"
"","","","","","","","","","","","","","","","","","","","","1.0"
"","","","","","","","","","","","","","","","","","","","","1.0"
"","","","","","","","","","","","","","","","","","","","","1.0"
"","","","","","","","","","","","","","","","","","","","","1.0"
"","","","","","","","","","","","","","","","","","","","","1.0"
"","","","","","","","","","","","","","","","","","","","","1.0"
"","","","","","","","","","","","","","","","","","","","","1.0"
"","","","","","","","","","","","","","","","","","","","","1.0"
"","","","","","","","","","","","","","","","","","","","","1.0"
"","","","","","","","","","","","","","","","","","","","","1.0"
"","","","","","","","","","","","","","","","","","","","","1.0"
"","","","","","","","","","","","","","","","","","","","","1.0"
"","","","","","","","","","","","","","","","","","","","","1.0"
"","","","","","","","","","","","","","","","","","","","","1.0"
"","","","","","","","","","","","","","","","","","","","","1.0"
"","","","","","","","","","","","","","","","","","","","","1.0"
"","","","","","","","","","","","","","","","","","","","","1.0"
"","","","","","","","","","","","","","","","","","","","","1.0"
"","","","","","","","","","","","","","","","","","","","","1.0"
"","","","","","","","","","","","","","","","","","","","","1.0"
"","","","","","","","","","","","","","","","","","","","","1.0"
"","","","","","","","","","","","","","","","","","","","","1.0"
"","","","","","","","","","","","","","","","","","","","","1.0"
"","","","","","","","","","","","","","","","","","","","","1.0"
"","","","","","","","","","","","","","","","","","","","","1.0"
"","","","","","","","","","","","","","","","","","","","","1.0"
"","","","","","","","","","","","","","","","","","","","","1.0"
"","","","","","","","","","","","","","","","","","","","","1.0"
"","","","","","","","","","","","","","","","","","","","","1.0"
"","","","","","","","","","","","","","","","","","","","","1.0"
"","","","","","","","","","","","","","","","","","","","","1.0"
"","","","","","","","","","","","","","","","","","","","","1.0"
"","","","","","","","","","","","","","","","","","","","","1.0"
"","","","","","","","","","","","","","","","","","","","","1.0"
"","","","","","","","","","","","","","","","","","","","","1.0"
"","","","","","","","","","","","","","","","","","","","","1.0"
"","","","","","","","","","","","","","","","","","","","","1.0"
"","","","","","","","","","","","","","","","","","","","","1.0"
"","","","","","","","","","","","","","","","","","","","","1.0"
"","","","","","","","","","","","","","","","","","","","","1.0"
"","","","","","","","","","","","","","","","","","","","","1.0"
"","","","","","","","","","","","","","","","","","","","","1.0"
"","","","","","","","","","","","","","","","","","","","","1.0"
"","","","","","","","","","","","","","","","","","","","","1.0"
"","","","","","","","","","","","","","","","","","","","","1.0"
"","","","","","","","","","","","","","","","","","","","","1.0"
"","","","","","","","","","","","","","","","","","","","","1.0"
"","","","","","","","","","","","","","","","","","","","","1.0"
"","","","","","","","","","","","","","","","","","","","","1.0"
"","","","","","","","","","","","","","","","","","","","","1.0"
"","","","","","","","","","","","","","","","","","","","","1.0"
"","","","","","","","","","","","","","","","","","","","","1.0"
"","","","","","","","","","","","","","","","","","","","","1.0"
"","","","","","","","","","","","","","","","","","","","","1.0"
"","","","","","","","","","","","","","","","","","","","","1.0"
"","","","","","","","","","","","","","","","","","","","","1.0"
"","","","","","","","","","","","","","","","","","","","","1.0"
"","","","","","","","","","","","","","","","","","","","","1.0"
"","","","","","","","","","","","","","","","","","","","","1.0"
"","","","","","","","","","","","","","","","","","","","","1.0"
"","","","","","","","","","","","","","","","","","","","","1.0"
"","","","","","","","","","","","","","","","","","","","","1.0"
