"ETABLISSEMENT","","","","","FORMATION","","","","","","","UNITE DE VALEUR (COURS)","","","","","","",""
"Nom","Nom","Domaine","Spécialité","Descriptif","Niveau de diplôme à l'entrée","Niveau de diplôme en sortie","Durée (en années)","Total ECTS","Url de la formation","Questions ENV. au sens large évoquées(oui/non)","Enjeux transition énergétique-climat abordés(oui/non)","Nom du cours","Notions abordées","Cours optionnel ou obligatoire","Nombre de crédits ECTS accordés par ce cours","Durée du cours (en nombre d'heures)","Mode d'évaluation ","Avis critique sur le cours et/ou la formation","Comptabilité"
"HEC","L3 : la formation fondamentale, fin du cycle bachelor","Droit, Economie, Gestion","Management ","apprendre et assimiler les paradigmes scientifiques, les concepts et les méthodes aux sources des sciences et techniques de gestion, et se construire un parcours personnalisé (ouverture vers l’international ou vers un parcours universitaire en France).  ","Bac+2","Bac+3","1.0","60.0","http://www.hec.fr/Grande-Ecole-MS-MSc/Programmes-diplomants/Grande-Ecole/Master-in-Management/Details-du-cursus#block-21398","Oui","Non","Entreprises et développement durable","non indiqué","Optionnel","non indiqué","non indiqué","non indiqué","","1.0"
"HEC","L3 - Master in Management Grande Ecole","Droit, Economie, Gestion","Management ","apprendre et assimiler les paradigmes scientifiques, les concepts et les méthodes aux sources des sciences et techniques de gestion, et se construire un parcours personnalisé (ouverture vers l’international ou vers un parcours universitaire en France).  ","Bac+2","Bac+3","1.0","60.0","http://www.hec.fr/Grande-Ecole-MS-MSc/Programmes-diplomants/Grande-Ecole/Master-in-Management/Details-du-cursus#block-21399","Improbable","Non","Exercer un management responsable","non indiqué","Optionnel","non indiqué","non indiqué","non indiqué","","1.0"
"HEC","L3 - Master in Management Grande Ecole","Droit, Economie, Gestion","Management ","apprendre et assimiler les paradigmes scientifiques, les concepts et les méthodes aux sources des sciences et techniques de gestion, et se construire un parcours personnalisé (ouverture vers l’international ou vers un parcours universitaire en France).  ","Bac+2","Bac+3","1.0","60.0","http://www.hec.fr/Grande-Ecole-MS-MSc/Programmes-diplomants/Grande-Ecole/Master-in-Management/Details-du-cursus#block-21400","Improbable","Improbable","Initiation aux enjeux énergétiques pour les décideurs","non indiqué","Optionnel","non indiqué","non indiqué","non indiqué","","1.0"
"HEC","L3 - Master in Management Grande Ecole","Droit, Economie, Gestion","Management ","apprendre et assimiler les paradigmes scientifiques, les concepts et les méthodes aux sources des sciences et techniques de gestion, et se construire un parcours personnalisé (ouverture vers l’international ou vers un parcours universitaire en France).  ","Bac+2","Bac+3","1.0","60.0","http://www.hec.fr/Grande-Ecole-MS-MSc/Programmes-diplomants/Grande-Ecole/Master-in-Management/Details-du-cursus#block-21401","Oui","Non","Panorama des enjeux environnementaux","non indiqué","Optionnel","non indiqué","non indiqué","non indiqué","","1.0"
"HEC","L3 - Master in Management Grande Ecole","Droit, Economie, Gestion","Management ","apprendre et assimiler les paradigmes scientifiques, les concepts et les méthodes aux sources des sciences et techniques de gestion, et se construire un parcours personnalisé (ouverture vers l’international ou vers un parcours universitaire en France).  ","Bac+2","Bac+3","1.0","60.0","http://www.hec.fr/Grande-Ecole-MS-MSc/Programmes-diplomants/Grande-Ecole/Master-in-Management/Details-du-cursus#block-21402","Oui","Oui","Technologies, climate change and future of energy","non indiqué","Optionnel","non indiqué","non indiqué","non indiqué","","1.0"
"HEC","","","","","","","","","","","","","","","","","","",""
"HEC","M1 : la formation généraliste en management, début du cycle Master ","Droit, Economie, Gestion","Management ","marque le début du cycle master permettant aux étudiants, au travers d'une large électivité, de s'ouvrir à des thématiques transdisciplinaires ou à des problématiques de recherche, mais aussi de se perfectionner dans les disciplines au cœur des sciences de gestion","Bac+3","Bac+4","1.0","60.0","http://www.hec.fr/Grande-Ecole-MS-MSc/Programmes-diplomants/Grande-Ecole/Master-in-Management/Details-du-cursus#block-21398","Oui","Non","Académie Entrepreneurs du Changement ","business models innovants réconciliant performance économique et impact positif pour la société","","","","","Entre le premier et le second semestre, les étudiants suivent des académies.","1.0"
"HEC","M1 : la formation généraliste en management, début du cycle Master ","Droit, Economie, Gestion","Management ","marque le début du cycle master permettant aux étudiants, au travers d'une large électivité, de s'ouvrir à des thématiques transdisciplinaires ou à des problématiques de recherche, mais aussi de se perfectionner dans les disciplines au cœur des sciences de gestion","Bac+3","Bac+4","1.0","60.0","http://www.hec.edu/Masters-programs/Master-s-Programs/Grande-Ecole/Master-in-Management/Program-Details/M1-Courses-in-General-Management/M1-Core-Courses/Ethics-and-Sustainability","Oui","Non","Ethics and Sustainability","corporate responsibility.complex environments of multinational corporations and emerging governance structures","Optionnel","non indiqué","non indiqué","non indiqué","","1.0"
"HEC","M1 : la formation généraliste en management, début du cycle Master ","Droit, Economie, Gestion","Management ","marque le début du cycle master permettant aux étudiants, au travers d'une large électivité, de s'ouvrir à des thématiques transdisciplinaires ou à des problématiques de recherche, mais aussi de se perfectionner dans les disciplines au cœur des sciences de gestion","Bac+3","Bac+4","1.0","60.0","","Oui","Non","Exercer un management responsable","Comment pouvons-nous exercer notre responsabilité et gérer la complexité dans ce monde multipolaire ? situer notre champ de responsabilité au niveau personnel et sur le plan collectif ?","Optionnel","non indiqué","non indiqué","non indiqué","","1.0"
"HEC","M1 : la formation généraliste en management, début du cycle Master ","Droit, Economie, Gestion","Management ","marque le début du cycle master permettant aux étudiants, au travers d'une large électivité, de s'ouvrir à des thématiques transdisciplinaires ou à des problématiques de recherche, mais aussi de se perfectionner dans les disciplines au cœur des sciences de gestion","Bac+3","Bac+4","1.0","60.0","","Oui","Oui","Introduction to 21st Century Energy Challenges","nuclear energygreen paradox and the challenges of Renewable energyOil & Gas: myths and realities of shale gassmart grids","Optionnel","non indiqué","non indiqué","non indiqué","","1.0"
"HEC","M1 : la formation généraliste en management, début du cycle Master ","Droit, Economie, Gestion","Management ","marque le début du cycle master permettant aux étudiants, au travers d'une large électivité, de s'ouvrir à des thématiques transdisciplinaires ou à des problématiques de recherche, mais aussi de se perfectionner dans les disciplines au cœur des sciences de gestion","Bac+3","Bac+4","1.0","60.0","","Improbable","Improbable","Energy Geoeconomics","non indiqué","Optionnel","non indiqué","non indiqué","non indiqué","","1.0"
"HEC","M1 : la formation généraliste en management, début du cycle Master ","Droit, Economie, Gestion","Management ","marque le début du cycle master permettant aux étudiants, au travers d'une large électivité, de s'ouvrir à des thématiques transdisciplinaires ou à des problématiques de recherche, mais aussi de se perfectionner dans les disciplines au cœur des sciences de gestion","Bac+3","Bac+4","1.0","60.0","","Oui","Non","Responsabilité sociale de l’entreprise","non indiqué","Optionnel","non indiqué","non indiqué","non indiqué","","1.0"
"HEC","M1 : la formation généraliste en management, début du cycle Master ","Droit, Economie, Gestion","Management ","marque le début du cycle master permettant aux étudiants, au travers d'une large électivité, de s'ouvrir à des thématiques transdisciplinaires ou à des problématiques de recherche, mais aussi de se perfectionner dans les disciplines au cœur des sciences de gestion","Bac+3","Bac+4","1.0","60.0","","Oui","Non","Entreprises et développement durable","non indiqué","Optionnel","non indiqué","non indiqué","non indiqué","","1.0"
"HEC","M2:  Management - Specialization in Strategic Management","Droit, Economie, Gestion","Management ","

The specialization in Strategic Management is supported by top international consulting firms, leading companies and investment banks actively involved in the curriculum through business cases and numerous real-life company projects. Participants from all around the world will benefit from the specialization’s international exposure.
","Bac+4","Bac+5","1.0","60.0","http://www.hec.edu/Masters-programs/Master-s-Programs/Grande-Ecole/Master-in-Management/Program-Details/M2-Specialization-Phase/Management/Specialization-in-Strategic-Management","Oui","Improbable","Innovative Business Models for Sustainability","non indiqué","Optionnel","non indiqué","non indiqué","non indiqué","",""
"HEC","M2:  Management - Specialization in International Finance","Droit, Economie, Gestion","Management ","
Finance and economics have always been essential components of HEC Paris’ DNA. Over the years, our Finance Majors have supplied leading international investment banks with their largest contingent of European graduates, all while irrigating the French and European economies beyond the boundaries of finance. HEC alumni have strong footholds in fields as diverse as strategic consulting, top management of industrial firms and public policymaking.
","Bac+4","Bac+5","1.0","60.0","http://www.hec.edu/Masters-programs/Master-s-Programs/Grande-Ecole/Master-in-Management/Program-Details/M2-Specialization-Phase/Management/Specialization-in-International-Finance","Non","Non","","","","","","","",""
"HEC","M2:  Management - Specialization in Marketing","Droit, Economie, Gestion","Management ","
The Marketing Specialization is based on HEC Paris’ long-running expertise in this specific field. It provides students with a comprehensive curriculum covering both marketing fundamentals and advanced knowledge of the most up-to-date field developments. It also benefits from a strong involvement from major companies that are world renowned for marketing excellence, such as L’Oréal, Google, Procter & Gamble, Pernod Ricard, Publicis, LVMH, etc
","Bac+4","Bac+5","1.0","60.0","http://www.hec.edu/Masters-programs/Master-s-Programs/Grande-Ecole/Master-in-Management/Program-Details/M2-Specialization-Phase/Management/Specialization-in-Marketing","Oui","Non","Corporate Social Responsibility and Marketing","non indiqué","Optionnel","non indiqué","non indiqué","non indiqué","",""
"HEC","M1:  Management - Specialization in Quantitative Economics and Finance","Droit, Economie, Gestion","Management ","This specialization allows students to acquire a high level in economics in either a one or two year program. The curriculum is jointly organized by Ecole Polytechnique, ENSAE, ENS Cachan, Université Paris Sud (Orsay) and HEC Paris within the Paris-Saclay Campus, thus capitalizing on the academic strengths of all the institutions offering the courses.","Bac+3","Bac+4","1.0","60.0","http://www.hec.edu/Masters-programs/Master-s-Programs/Grande-Ecole/Master-in-Management/Program-Details/M2-Specialization-Phase/Management/Specialization-in-Quantitative-Economics-and-Finance","Oui","Improbable","Environmental Economics with Geography Focus 
","non indiqué","Optionnel","non indiqué","non indiqué","non indiqué","",""
"HEC","M2:  Management - Specialization in Managerial and Financial Economics","Droit, Economie, Gestion","Management ","This specialization combines rigorous training in quantitative and analytical skills with essential knowledge in economics and finance. Students are prepared perfectly with the essential reflexes for a career in many diverse business sectors, such as in the banking and finance industry, in consulting, as well as in the corporate strategy or corporate finance departments in multinational companies.","Bac+4","Bac+5","1.0","60.0","http://www.hec.edu/Masters-programs/Master-s-Programs/Grande-Ecole/Master-in-Management/Program-Details/M2-Specialization-Phase/Management/Specialization-in-Managerial-and-Financial-Economics","Improbable","Improbable","Limits to Market Efficiency: Origins and Consequences","non indiqué","Obligatoire","non indiqué","non indiqué","non indiqué","",""
"HEC","M2:  Management - Majeure Projet, Innovation, Conception","Droit, Economie, Gestion","Management ","L’objectif général de cette spécialisation est de maîtriser les nouveaux modèles de la gestion des projets d’innovation et de les mobiliser dans le cadre d’un problème de conception réel posé par une entreprise.","Bac+4","Bac+5","1.0","60.0","http://www.hec.fr/Grande-Ecole-MS-MSc/Programmes-diplomants/Grande-Ecole/Master-in-Management/Details-du-cursus/M2-la-formation-specialisee-fin-du-cycle-Master/Management/Majeure-Projet-Innovation-Conception","Non","Non","","","","","","","",""
"HEC","M2:  Management - Specialization in Corporate Financial Management","Droit, Economie, Gestion","Management ","The Specialization in Corporate Financial Management (IFAC) provides all the expertise needed for successful careers in financial management, corporate finance or transactions services, auditing, controlling, as well as strategic consulting or advisory in the big professionalized firms. It gives students both a broad awareness of financial management and a sound technical foundation to ensure their ability to create value in the workplace.","Bac+4","Bac+5","1.0","60.0","http://www.hec.edu/Masters-programs/Master-s-Programs/Grande-Ecole/Master-in-Management/Program-Details/M2-Specialization-Phase/Management/Specialization-in-Corporate-Financial-Management","Improbable","Improbable","Contemporary Debates in Global Economy, Politics and Society.","non indiqué","Non indiqué","non indiqué","non indiqué","non indiqué","",""
"HEC","M2:  Management - Majeure Entrepreneurs","Droit, Economie, Gestion","Management ","Expérience de terrain et exigence professionnelle élevée sont les maîtres-mots de la majeure Entrepreneurs. Dotée d’une pédagogie unique et d’un corps professoral très impliqué, elle forme les étudiants à tous les aspects du projet entrepreneurial (gestion, vente, leadership…) et propose un accompagnement poussé.","Bac+4","Bac+5","1.0","60.0","http://www.hec.fr/Grande-Ecole-MS-MSc/Programmes-diplomants/Grande-Ecole/Master-in-Management/Details-du-cursus/M2-la-formation-specialisee-fin-du-cycle-Master/Management/Majeure-Entrepreneurs","Oui","Improbable","Séminaire: Impact entrepreneurship","pour démarrer un projet de création dans le domaine social, sociétal ou environnemental","Non indiqué","non indiqué","non indiqué","non indiqué","",""
"HEC","M2:  Management - Majeure Entrepreneurs","Droit, Economie, Gestion","Management ","Expérience de terrain et exigence professionnelle élevée sont les maîtres-mots de la majeure Entrepreneurs. Dotée d’une pédagogie unique et d’un corps professoral très impliqué, elle forme les étudiants à tous les aspects du projet entrepreneurial (gestion, vente, leadership…) et propose un accompagnement poussé.","Bac+4","Bac+5","1.0","60.0","http://www.hec.edu/Masters-programs/Non-degree-programs/Certificates-available-to-current-HEC-students-only/Energy-Finance/Why-this-certificate","Oui","Oui","The Energy and Finance Certificate","economics of energy, energy-related financial issues, and climate change","Optionnel","non indiqué","non indiqué","non indiqué","",""
"HEC","M2:  Management - Majeure Digital","Droit, Economie, Gestion","Management ","La Majeure Digital a pour vocation de former des managers à la maîtrise de deux langages indissociables : celui du management et celui des technologies. Au-delà des systèmes d’information, l’utilisation managériale des technologies de l’information est devenue incontournable pour réduire les coûts et accroître la productivité, valoriser et enrichir le travail des salariés, développer les ventes et le service aux clients, créer des activités innovantes.","Bac+4","Bac+5","1.0","60.0","http://www.hec.fr/Grande-Ecole-MS-MSc/Programmes-diplomants/Grande-Ecole/Master-in-Management/Details-du-cursus/M2-la-formation-specialisee-fin-du-cycle-Master/Management/Majeure-Digital","Non","Non","","","","","","","",""
"HEC","M2:  Management - Majeure Management de Grands Projets ","Droit, Economie, Gestion","Management ","La Majeure Management de Grands Projets, organisée en partenariat avec l’ISAE, permet d’acquérir toutes les compétences pour fédérer une équipe autour d'un projet et garantir le respect de la qualité, des coûts, des délais et la maîtrise des risques. Une spécialisation très recherchée par les entreprises en quête de compétitivité.","Bac+4","Bac+5","1.0","60.0","http://www.hec.fr/Grande-Ecole-MS-MSc/Programmes-diplomants/Grande-Ecole/Master-in-Management/Details-du-cursus/M2-la-formation-specialisee-fin-du-cycle-Master/Management/Majeure-Management-de-Grands-Projets","Non","Non","","","","","","","",""
"HEC","Double degree with FGV EAESP","Droit, Economie, Gestion","Management ","HEC students wishing to study at FGV, in Brazil, will have access to a wide range of core and elective courses.","Bac+4","Bac+5","1.0","60.0","http://www.hec.edu/Masters-programs/Master-s-Programs/Grande-Ecole/Master-in-Management/Program-Details/M2-Specialization-Phase/Management/Double-degree-with-FGV-EAESP","Non","Non","","","","","","","",""
"HEC","Double degree with Tsinghua University, School of Economics and Management","Droit, Economie, Gestion","Management ","HEC students wishing to study at FGV, in Brazil, will have access to a wide range of core and elective courses.","Bac+4","Bac+5","1.0","60.0","http://www.hec.edu/Masters-programs/Master-s-Programs/Grande-Ecole/Master-in-Management/Program-Details/M2-Specialization-Phase/Management/Double-degree-with-FGV-EAESP","Non","Non","","","","","","","",""
"HEC","Double degree with Etats-Unis : MIT - Sloan School of Management, Cambridge (Master of Business Analytics et Master of Finance)","Droit, Economie, Gestion","Management ","HEC students wishing to study at FGV, in Brazil, will have access to a wide range of core and elective courses.","Bac+4","Bac+5","1.0","60.0","http://www.hec.fr/Grande-Ecole-MS-MSc/Programmes-diplomants/Grande-Ecole/Master-in-Management/Details-du-cursus","Non indiqué","Non indiqué","","","","","","","",""
"HEC","Double degree with ESADE Business School - MSc in International Management ","Droit, Economie, Gestion","Management ","The double program HEC Paris-ESADE gives access to 4 comprehensive MSc dedicated to 4 different fields of management.","Bac+4","Bac+5","1.0","60.0","http://www.hec.edu/Masters-programs/Master-s-Programs/Grande-Ecole/Master-in-Management/Program-Details/M2-Specialization-Phase/Management/Double-degree-with-ESADE-Business-School","Improbable","Improbable","Firms, economics and the global environment","non indiqué","Obligatoire","non indiqué","non indiqué","non indiqué","",""
"HEC","Double degree with ESADE Business School - MSc in International Management ","Droit, Economie, Gestion","Management ","The double program HEC Paris-ESADE gives access to 4 comprehensive MSc dedicated to 4 different fields of management.","Bac+4","Bac+5","1.0","60.0","http://www.hec.edu/Masters-programs/Master-s-Programs/Grande-Ecole/Master-in-Management/Program-Details/M2-Specialization-Phase/Management/Double-degree-with-ESADE-Business-School","Oui","Non","Corporate sustainability strategies","non indiqué","Optionnel","non indiqué","non indiqué","non indiqué","",""
"HEC","Double degree with ESADE Business School - MSc in Marketing Management ","Droit, Economie, Gestion","Management ","The double program HEC Paris-ESADE gives access to 4 comprehensive MSc dedicated to 4 different fields of management.","Bac+4","Bac+5","1.0","60.0","http://www.hec.edu/Masters-programs/Master-s-Programs/Grande-Ecole/Master-in-Management/Program-Details/M2-Specialization-Phase/Management/Double-degree-with-ESADE-Business-School","Non","Non","","","","","","","",""
"HEC","Double degree with ESADE Business School - MSc in Innovation and Entrepreneurship ","Droit, Economie, Gestion","Management ","The double program HEC Paris-ESADE gives access to 4 comprehensive MSc dedicated to 4 different fields of management.","Bac+4","Bac+5","1.0","60.0","http://www.hec.edu/Masters-programs/Master-s-Programs/Grande-Ecole/Master-in-Management/Program-Details/M2-Specialization-Phase/Management/Double-degree-with-ESADE-Business-School","Oui","Oui","Entrepreneurship & innovation in clean-tech and sustainable energy","non indiqué","Optionnel","non indiqué","non indiqué","non indiqué","",""
"HEC","Double degree with ESADE Business School - MSc in Finance ","Droit, Economie, Gestion","Management ","The double program HEC Paris-ESADE gives access to 4 comprehensive MSc dedicated to 4 different fields of management.","Bac+4","Bac+5","1.0","60.0","http://www.hec.edu/Masters-programs/Master-s-Programs/Grande-Ecole/Master-in-Management/Program-Details/M2-Specialization-Phase/Management/Double-degree-with-ESADE-Business-School","Non","Non","","","","","","","",""
"HEC","Double degree with Indian Institute of Management, Ahmedabad","Droit, Economie, Gestion","Management ","HEC students enrolled in the HEC Paris-IIMA’s double degree program will have access to more than a hundred of electives.","Bac+4","Bac+5","1.0","60.0","http://www.hec.edu/Masters-programs/Master-s-Programs/Grande-Ecole/Master-in-Management/Program-Details/M2-Specialization-Phase/Management/Double-degree-with-Indian-Institute-of-Management-Ahmedabad","Oui","Non","Management of Technology for Sustainable Agriculture","non indiqué","Non indiqué","non indiqué","non indiqué","non indiqué","",""
"HEC","Double degree with Indian Institute of Management, Ahmedabad","Droit, Economie, Gestion","Management ","HEC students enrolled in the HEC Paris-IIMA’s double degree program will have access to more than a hundred of electives.","Bac+4","Bac+5","1.0","60.0","http://www.hec.edu/Masters-programs/Master-s-Programs/Grande-Ecole/Master-in-Management/Program-Details/M2-Specialization-Phase/Management/Double-degree-with-Indian-Institute-of-Management-Ahmedabad","Oui","Oui","Carbon Finance","non indiqué","Non indiqué","non indiqué","non indiqué","non indiqué","",""
"HEC","Double degree with Indian Institute of Management, Ahmedabad","Droit, Economie, Gestion","Management ","HEC students enrolled in the HEC Paris-IIMA’s double degree program will have access to more than a hundred of electives.","Bac+4","Bac+5","1.0","60.0","http://www.hec.edu/Masters-programs/Master-s-Programs/Grande-Ecole/Master-in-Management/Program-Details/M2-Specialization-Phase/Management/Double-degree-with-Indian-Institute-of-Management-Ahmedabad","Oui","Non","Environment Management","non indiqué","Non indiqué","non indiqué","non indiqué","non indiqué","",""
"HEC","Double degree with Indian Institute of Management, Ahmedabad","Droit, Economie, Gestion","Management ","HEC students enrolled in the HEC Paris-IIMA’s double degree program will have access to more than a hundred of electives.","Bac+4","Bac+5","1.0","60.0","http://www.hec.edu/Masters-programs/Master-s-Programs/Grande-Ecole/Master-in-Management/Program-Details/M2-Specialization-Phase/Management/Double-degree-with-Indian-Institute-of-Management-Ahmedabad","Oui","Non","Managing Sustainability","non indiqué","Non indiqué","non indiqué","non indiqué","non indiqué","",""
"HEC","Double degree with Indian Institute of Management, Ahmedabad","Droit, Economie, Gestion","Management ","HEC students enrolled in the HEC Paris-IIMA’s double degree program will have access to more than a hundred of electives.","Bac+4","Bac+5","1.0","60.0","http://www.hec.edu/Masters-programs/Master-s-Programs/Grande-Ecole/Master-in-Management/Program-Details/M2-Specialization-Phase/Management/Double-degree-with-Indian-Institute-of-Management-Ahmedabad","Oui","Improbable","Managing Energy Business","non indiqué","Non indiqué","non indiqué","non indiqué","non indiqué","",""
"HEC","Double degree with Double Degree with Keio Business School  M1","Droit, Economie, Gestion","Management ","Most classes of the Keio Business School MBA are conducted in Japanese except for courses offered to exchange students from global business schools. Full-time students, therefore, will speak Japanese in class discussions, and for reading and writing assignments. A good command of Japanese is mandatory for foreign students.","Bac+3","Bac+4","1.0","60.0","http://www.hec.edu/Masters-programs/Master-s-Programs/Grande-Ecole/Master-in-Management/Program-Details/M2-Specialization-Phase/Management/Double-Degree-with-Keio-Business-School","Improbable","Improbable","Stress Management","non indiqué","Obligatoire","non indiqué","non indiqué","non indiqué","",""
"HEC","Double degree with Double Degree with Keio Business School  M2","Droit, Economie, Gestion","Management ","Most classes of the Keio Business School MBA are conducted in Japanese except for courses offered to exchange students from global business schools. Full-time students, therefore, will speak Japanese in class discussions, and for reading and writing assignments. A good command of Japanese is mandatory for foreign students.","Bac+4","Bac+5","1.0","60.0","http://www.hec.edu/Masters-programs/Master-s-Programs/Grande-Ecole/Master-in-Management/Program-Details/M2-Specialization-Phase/Management/Double-Degree-with-Keio-Business-School","Non","Non","","","","","","","",""
"HEC","Double Degree with Keio University","Droit, Economie, Gestion","Management ","Most classes of the Keio Business School MBA are conducted in Japanese except for courses offered to exchange students from global business schools. Full-time students, therefore, will speak Japanese in class discussions, and for reading and writing assignments. A good command of Japanese is mandatory for foreign students.","Bac+4","Bac+5","1.0","60.0","http://www.hec.edu/Masters-programs/Master-s-Programs/Grande-Ecole/Master-in-Management/Program-Details/M2-Specialization-Phase/Management/Double-Degree-with-Keio-University","Improbable","Improbable","Long Run Growth and Development","non indiqué","Obligatoire","non indiqué","non indiqué","non indiqué","",""
"HEC","Double Degree with Keio University","Droit, Economie, Gestion","Management ","Most classes of the Keio Business School MBA are conducted in Japanese except for courses offered to exchange students from global business schools. Full-time students, therefore, will speak Japanese in class discussions, and for reading and writing assignments. A good command of Japanese is mandatory for foreign students.","Bac+4","Bac+5","1.0","60.0","http://www.hec.edu/Masters-programs/Master-s-Programs/Grande-Ecole/Master-in-Management/Program-Details/M2-Specialization-Phase/Management/Double-Degree-with-Keio-University","Oui","Non","Environmental Economic Policy - Global Economic Environmental Policy","non indiqué","Obligatoire","non indiqué","non indiqué","non indiqué","",""
"HEC","Double degree with Graduate School of Management, St Petersburg University","Droit, Economie, Gestion","Management ","The HEC Paris-GSOM double degree program allows students to choose among electives in order to tailor their curriculum.","Bac+4","Bac+5","1.0","60.0","http://www.hec.edu/Masters-programs/Master-s-Programs/Grande-Ecole/Master-in-Management/Program-Details/M2-Specialization-Phase/Management/Double-degree-with-Graduate-School-of-Management-St-Petersburg-University","Oui","Non","Sustainability and Stakeholder Marketing","non indiqué","Optionnel","non indiqué","non indiqué","non indiqué","",""
"HEC","Double degree with Graduate School of Management, St Petersburg University","Droit, Economie, Gestion","Management ","The HEC Paris-GSOM double degree program allows students to choose among electives in order to tailor their curriculum.","Bac+4","Bac+5","1.0","60.0","http://www.hec.edu/Masters-programs/Master-s-Programs/Grande-Ecole/Master-in-Management/Program-Details/M2-Specialization-Phase/Management/Double-degree-with-Graduate-School-of-Management-St-Petersburg-University","Improbable","Improbable","International Oil and Gas Markets","non indiqué","Optionnel","non indiqué","non indiqué","non indiqué","",""
"HEC","Double Degree with NUS Business School ","Droit, Economie, Gestion","Management ","HEC Paris’ students following this double degree program with NUS will have access to a wide range of electives.","Bac+4","Bac+5","1.0","60.0","http://www.hec.edu/Masters-programs/Master-s-Programs/Grande-Ecole/Master-in-Management/Program-Details/M2-Specialization-Phase/Management/Double-Degree-with-NUS-Business-School","Oui","Non","Managing for Public & Private Environmental Sustainability","non indiqué","Optionnel","non indiqué","non indiqué","non indiqué","",""
"HEC","Double Degree with NUS Business School ","Droit, Economie, Gestion","Management ","HEC Paris’ students following this double degree program with NUS will have access to a wide range of electives.","Bac+4","Bac+5","1.0","60.0","http://www.hec.edu/Masters-programs/Master-s-Programs/Grande-Ecole/Master-in-Management/Program-Details/M2-Specialization-Phase/Management/Double-Degree-with-NUS-Business-School","Oui","Non","Ethics, Corporate Social Responsibility & Sustainability","non indiqué","Optionnel","non indiqué","non indiqué","non indiqué","",""
"HEC","Double Degree with University of St. Gallen - Master’s in Banking and Finance","Droit, Economie, Gestion","Management ","HEC Paris’ students following this double degree with St. Gallen will have the opportunity to choose among 4 Master’s degrees. Each one is composed of many core and elective courses, which allows students to tailor their curriculum.","Bac+4","Bac+5","1.0","60.0","http://www.hec.edu/Masters-programs/Master-s-Programs/Grande-Ecole/Master-in-Management/Program-Details/M2-Specialization-Phase/Management/Double-Degree-with-University-of-St.-Gallen","Improbable","Improbable","Price Dynamics In Energy Markets And Their Interdependences","non indiqué","Obligatoire","non indiqué","non indiqué","non indiqué","",""
"HEC","Double Degree with University of St. Gallen - Master’s in Banking and Finance","Droit, Economie, Gestion","Management ","HEC Paris’ students following this double degree with St. Gallen will have the opportunity to choose among 4 Master’s degrees. Each one is composed of many core and elective courses, which allows students to tailor their curriculum.","Bac+4","Bac+5","1.0","60.0","http://www.hec.edu/Masters-programs/Master-s-Programs/Grande-Ecole/Master-in-Management/Program-Details/M2-Specialization-Phase/Management/Double-Degree-with-University-of-St.-Gallen","Improbable","Improbable","Energy Finance","non indiqué","Obligatoire","non indiqué","non indiqué","non indiqué","",""
"HEC","Double Degree with University of St. Gallen - Strategy and International Management","Droit, Economie, Gestion","Management ","HEC Paris’ students following this double degree with St. Gallen will have the opportunity to choose among 4 Master’s degrees. Each one is composed of many core and elective courses, which allows students to tailor their curriculum.","Bac+4","Bac+5","1.0","60.0","http://www.hec.edu/Masters-programs/Master-s-Programs/Grande-Ecole/Master-in-Management/Program-Details/M2-Specialization-Phase/Management/Double-Degree-with-University-of-St.-Gallen","Non","Non","","","","","","","",""
"HEC","Double Degree with University of St. Gallen - Strategy and International Management","Droit, Economie, Gestion","Management ","HEC Paris’ students following this double degree with St. Gallen will have the opportunity to choose among 4 Master’s degrees. Each one is composed of many core and elective courses, which allows students to tailor their curriculum.","Bac+4","Bac+5","1.0","60.0","http://www.hec.edu/Masters-programs/Master-s-Programs/Grande-Ecole/Master-in-Management/Program-Details/M2-Specialization-Phase/Management/Double-Degree-with-University-of-St.-Gallen","Oui","Improbable","Marketing for Sustainability","non indiqué","Optionnel","non indiqué","non indiqué","non indiqué","Sustainable Marketing Strategy Sustainable Marketing and Ethics Sustainable Marketing and the Business Environment Sustainable Marketing and Consumer Behavior Sustainable Marketing Research and Measurement Sustainable Market Segmentation, Targeting and Positioning Sustainable Marketing and Globalization Sustainable Products and Services Sustainable Branding and Packaging Sustainable Distribution and Channels Sustainable Pricing Sustainable Marketing Communication Sustainable Promotion and Customer Relationships Sustainability and Digital Marketing",""
"HEC","Double Degree with University of St. Gallen - Strategy and International Management","Droit, Economie, Gestion","Management ","HEC Paris’ students following this double degree with St. Gallen will have the opportunity to choose among 4 Master’s degrees. Each one is composed of many core and elective courses, which allows students to tailor their curriculum.","Bac+4","Bac+5","1.0","60.0","http://www.hec.edu/Masters-programs/Master-s-Programs/Grande-Ecole/Master-in-Management/Program-Details/M2-Specialization-Phase/Management/Double-Degree-with-University-of-St.-Gallen","Oui","Non","Exploring Sustainability as Business Opportunity","non indiqué","Optionnel","non indiqué","non indiqué","non indiqué","",""
"HEC","Double Degree with University of St. Gallen - Marketing, Services and Communication Management ","Droit, Economie, Gestion","Management ","HEC Paris’ students following this double degree with St. Gallen will have the opportunity to choose among 4 Master’s degrees. Each one is composed of many core and elective courses, which allows students to tailor their curriculum.","Bac+4","Bac+5","1.0","60.0","http://www.hec.edu/Masters-programs/Master-s-Programs/Grande-Ecole/Master-in-Management/Program-Details/M2-Specialization-Phase/Management/Double-Degree-with-University-of-St.-Gallen","Oui","Improbable","Clean Energy Marketing","non indiqué","Obligatoire","non indiqué","non indiqué","non indiqué","",""
"HEC","Double Degree with University of St. Gallen - Quantitative Economics and Finance","Droit, Economie, Gestion","Management ","HEC Paris’ students following this double degree with St. Gallen will have the opportunity to choose among 4 Master’s degrees. Each one is composed of many core and elective courses, which allows students to tailor their curriculum.","Bac+4","Bac+5","1.0","60.0","http://www.hec.edu/Masters-programs/Master-s-Programs/Grande-Ecole/Master-in-Management/Program-Details/M2-Specialization-Phase/Management/Double-Degree-with-University-of-St.-Gallen","Improbable","Improbable","Investment for the Long Run","non indiqué","Obligatoire","non indiqué","non indiqué","non indiqué","",""
"HEC","Double Degree with University of St. Gallen - Quantitative Economics and Finance","Droit, Economie, Gestion","Management ","HEC Paris’ students following this double degree with St. Gallen will have the opportunity to choose among 4 Master’s degrees. Each one is composed of many core and elective courses, which allows students to tailor their curriculum.","Bac+4","Bac+5","1.0","60.0","http://www.hec.edu/Masters-programs/Master-s-Programs/Grande-Ecole/Master-in-Management/Program-Details/M2-Specialization-Phase/Management/Double-Degree-with-University-of-St.-Gallen","Improbable","Improbable","Democracy and Globalization","non indiqué","Optionnel","non indiqué","non indiqué","non indiqué","",""
"HEC","Double Degree with TUM School of Management - Major in Management","Droit, Economie, Gestion","Management ","The HEC Paris-TUM’s double degree program - Master in Management & Technology (WITEC) - gives access to a comprehensive curriculum in the management field as well as in the engineering field and the natural sciences.","Bac+4","Bac+5","1.0","60.0","http://www.hec.edu/Masters-programs/Master-s-Programs/Grande-Ecole/Master-in-Management/Program-Details/M2-Specialization-Phase/Management/Double-Degree-with-TUM-School-of-Management","Improbable","Improbable","Responsible management","non indiqué","Obligatoire","non indiqué","non indiqué","non indiqué","",""
"HEC","Double Degree with TUM School of Management - Major in Management","Droit, Economie, Gestion","Management ","The HEC Paris-TUM’s double degree program - Master in Management & Technology (WITEC) - gives access to a comprehensive curriculum in the management field as well as in the engineering field and the natural sciences.","Bac+4","Bac+5","1.0","60.0","http://www.hec.edu/Masters-programs/Master-s-Programs/Grande-Ecole/Master-in-Management/Program-Details/M2-Specialization-Phase/Management/Double-Degree-with-TUM-School-of-Management","Oui","Non","Sustainable Operations Management","non indiqué","Obligatoire","non indiqué","non indiqué","non indiqué","",""
"HEC","Double Degree with TUM School of Management - Major in Management","Droit, Economie, Gestion","Management ","The HEC Paris-TUM’s double degree program - Master in Management & Technology (WITEC) - gives access to a comprehensive curriculum in the management field as well as in the engineering field and the natural sciences.","Bac+4","Bac+5","1.0","60.0","http://www.hec.edu/Masters-programs/Master-s-Programs/Grande-Ecole/Master-in-Management/Program-Details/M2-Specialization-Phase/Management/Double-Degree-with-TUM-School-of-Management","Improbable","Improbable","Challenges in Energy Markets","non indiqué","Obligatoire","non indiqué","non indiqué","non indiqué","",""
"HEC","Double Degree with TUM School of Management - Major in Management","Droit, Economie, Gestion","Management ","The HEC Paris-TUM’s double degree program - Master in Management & Technology (WITEC) - gives access to a comprehensive curriculum in the management field as well as in the engineering field and the natural sciences.","Bac+4","Bac+5","1.0","60.0","http://www.hec.edu/Masters-programs/Master-s-Programs/Grande-Ecole/Master-in-Management/Program-Details/M2-Specialization-Phase/Management/Double-Degree-with-TUM-School-of-Management","Improbable","Improbable","Energy Markets","non indiqué","Optionnel","non indiqué","non indiqué","non indiqué","",""
"HEC","Double Degree with TUM School of Management - Major in Management","Droit, Economie, Gestion","Management ","The HEC Paris-TUM’s double degree program - Master in Management & Technology (WITEC) - gives access to a comprehensive curriculum in the management field as well as in the engineering field and the natural sciences.","Bac+4","Bac+5","1.0","60.0","http://www.hec.edu/Masters-programs/Master-s-Programs/Grande-Ecole/Master-in-Management/Program-Details/M2-Specialization-Phase/Management/Double-Degree-with-TUM-School-of-Management","Improbable","Improbable","Industrial Economics and Regulation of Energy Markets","non indiqué","Optionnel","non indiqué","non indiqué","non indiqué","",""
"HEC","Double Degree with TUM School of Management - Major in Engineering and Natural Science ","Droit, Economie, Gestion","Management ","The HEC Paris-TUM’s double degree program - Master in Management & Technology (WITEC) - gives access to a comprehensive curriculum in the management field as well as in the engineering field and the natural sciences.","Bac+4","Bac+5","1.0","60.0","http://www.hec.edu/Masters-programs/Master-s-Programs/Grande-Ecole/Master-in-Management/Program-Details/M2-Specialization-Phase/Management/Double-Degree-with-TUM-School-of-Management","Non","Non","","","","","","","",""
"HEC","M2:  Majeure Stratégie Fiscale & Juridique Internationale","Droit, Economie, Gestion","Droit","De plus en plus d’entreprises et cabinets d’avocats d’affaires sont aujourd’hui à la recherche de doubles compétences en droit, fiscalité et management. Avec plus de 90% de taux de réussite à l’école du barreau et des diplômés placés aussi bien dans les meilleurs cabinets que dans les plus grands groupes internationaux, la majeure Stratégie Fiscale et Juridique Internationale répond pleinement à cet enjeu.","Bac+4","Bac+5","1.0","60.0","http://www.hec.edu/Masters-programs/Master-s-Programs/Grande-Ecole/Master-in-Management/Program-Details/M2-Specialization-Phase/Management/Double-Degree-with-University-of-St.-Gallen","Non","Non","","","","","","","","1.0"
"HEC","M1 : Master in Management & Business Law - Double diplôme avec Paris 1","Droit, Economie, Gestion","Droit","Développez une double compétence en management et en droit des affaires et fiscalité. Permettre aux étudiants de maîtriser les enjeux juridiques et fiscaux des entreprises mais aussi stratégiques et opérationnels. Être préparé aux métiers d’avocat d’affaire ou fiscaliste et à postuler à l’école du Barreau (taux de réussite supérieur à 95 % chaque année).","Bac+4","Bac+5","1.0","60.0","http://www.hec.fr/Grande-Ecole-MS-MSc/Programmes-diplomants/Doubles-diplomes-en-admission-directe/Master-in-Management-Business-Law-Double-diplome-avec-Paris-1/Le-programme","Non","Non","","","","","","","","1.0"
"HEC","M2 : Master in Management & Business Law - Double diplôme avec Paris 2","Droit, Economie, Gestion","Droit","Développez une double compétence en management et en droit des affaires et fiscalité. Permettre aux étudiants de maîtriser les enjeux juridiques et fiscaux des entreprises mais aussi stratégiques et opérationnels. Être préparé aux métiers d’avocat d’affaire ou fiscaliste et à postuler à l’école du Barreau (taux de réussite supérieur à 95 % chaque année).","Bac+4","Bac+5","1.0","60.0","http://www.hec.fr/Grande-Ecole-MS-MSc/Programmes-diplomants/Doubles-diplomes-en-admission-directe/Master-in-Management-Business-Law-Double-diplome-avec-Paris-1/Le-programme","Non","Non","","","","","","","","1.0"
"HEC","M2 : Affaires publiques - Majeure Prép' ENA","Droit, Economie, Gestion","Gestion","Les étudiants du programme Grande Ecole ont accès en deuxième année à la Majeure Prép’ ENA, enseignée en partenariat avec l’École Normale Supérieure. Une voie d’accès efficace au concours de l’ENA.","Bac+4","Bac+5","1.0","60.0","http://www.hec.fr/Grande-Ecole-MS-MSc/Programmes-diplomants/Grande-Ecole/Master-in-Management/Details-du-cursus/M2-la-formation-specialisee-fin-du-cycle-Master/Affaires-Publiques/Majeure-Prep-ENA","Non indiqué","Non indiqué","","","","","","","","1.0"
"HEC","M2 : Affaires publiques - double diplôme Corporate and Public Management","Droit, Economie, Gestion","Gestion","SciencesPo et HEC Paris ont créé un double diplôme sans équivalent et qui confère les deux diplômes à ses titulaires. Il est fondé sur le savoir-faire pédagogique et la recherche conduite dans les deux institutions sur les enjeux du management public et du management privé. La moitié des enseignements est délivrée en anglais.","Bac+4","Bac+5","1.0","60.0","http://www.hec.fr/Grande-Ecole-MS-MSc/Programmes-diplomants/Grande-Ecole/Master-in-Management/Details-du-cursus/M2-la-formation-specialisee-fin-du-cycle-Master/Affaires-Publiques/Double-Diplome-Corporate-and-Public-Management","Non indiqué","Non indiqué","","","","","","","","1.0"
"HEC","M1 : Affaires publiques - Master in Management & Public Affairs - Double Degree with Freie Universität Berlin","Droit, Economie, Gestion","Gestion","The HEC Paris / Freie Universität Berlin Double Degree Program in ""Public Policy & Management"" offers an intercultural and interdisciplinary approach at the heart of the relationship between business and public administration management. It has both a research and a professional dimension.","Bac+4","Bac+5","1.0","60.0","http://www.hec.edu/Masters-programs/Master-s-Programs/Grande-Ecole/Master-in-Management/Program-Details/M1-Courses-in-General-Management/Examples-of-M1-Electives/Ethics-and-Sustainability","Oui","Non","Ethics and Sustainability","individual and group behavior, Corporate social responsibility and global supply chains","Optionnel","non indiqué","non indiqué","non indiqué","","1.0"
"HEC","M1 : Affaires publiques - Master in Management & Public Affairs - Double Degree with Freie Universität Berlin","Droit, Economie, Gestion","Gestion","The HEC Paris / Freie Universität Berlin Double Degree Program in ""Public Policy & Management"" offers an intercultural and interdisciplinary approach at the heart of the relationship between business and public administration management. It has both a research and a professional dimension.","Bac+4","Bac+5","1.0","60.0","http://www.hec.edu/Masters-programs/Master-s-Programs/Grande-Ecole/Master-in-Management/Program-Details/M1-Courses-in-General-Management/Examples-of-M1-Electives/Introduction-to-21st-Century-Energy-Challenges","Oui","Improbable","Introduction To 21st-Century Energy Challenges","energy marketsstakes for businessopportunities,  nuclear energy in a post-Fukushima, worldsecrets of oil pricing, green paradox, challenges of Renewable energy, electricity markets in Europe, Oil & Gas: myths and realities, smart grids","Optionnel","non indiqué","non indiqué","non indiqué","",""
"HEC","M1 : Affaires publiques - Master in Management & Public Affairs - Double Degree with Freie Universität Berlin","Droit, Economie, Gestion","Gestion","The HEC Paris / Freie Universität Berlin Double Degree Program in ""Public Policy & Management"" offers an intercultural and interdisciplinary approach at the heart of the relationship between business and public administration management. It has both a research and a professional dimension.","Bac+4","Bac+5","1.0","60.0","http://www.hec.edu/Masters-programs/Master-s-Programs/Dual-Degree-Programs-with-Partner-Institutions/Master-in-Management-Public-Affairs-Double-Degree-with-Freie-Universitaet-Berlin/Program-Details","Oui","Non","Leading Change: Winning Hearts and Minds","non indiqué","Optionnel","non indiqué","non indiqué","non indiqué","",""
"HEC","M1 : Affaires publiques - Master in Management & Public Affairs - Double Degree with Freie Universität Berlin","Droit, Economie, Gestion","Gestion","The HEC Paris / Freie Universität Berlin Double Degree Program in ""Public Policy & Management"" offers an intercultural and interdisciplinary approach at the heart of the relationship between business and public administration management. It has both a research and a professional dimension.","Bac+4","Bac+5","1.0","60.0","http://www.hec.edu/Masters-programs/Master-s-Programs/Dual-Degree-Programs-with-Partner-Institutions/Master-in-Management-Public-Affairs-Double-Degree-with-Freie-Universitaet-Berlin/Program-Details","Oui","Oui","Technologies, Climate Change and Future of Energy","non indiqué","Optionnel","non indiqué","non indiqué","non indiqué","",""
"HEC","M1 : Affaires publiques - Master in Management & Public Affairs - Double Degree with Freie Universität Berlin","Droit, Economie, Gestion","Gestion","The HEC Paris / Freie Universität Berlin Double Degree Program in ""Public Policy & Management"" offers an intercultural and interdisciplinary approach at the heart of the relationship between business and public administration management. It has both a research and a professional dimension.","Bac+4","Bac+5","1.0","60.0","http://www.hec.edu/Masters-programs/Master-s-Programs/Grande-Ecole/Master-in-Management/Program-Details/M1-Courses-in-General-Management/Examples-of-M1-Electives/Philosophy-of-Liberalism","Improbable","Improbable","Philosophy of Liberalism","analytical and critical tools necessary to interpret contemporary events","Optionnel","non indiqué","non indiqué","non indiqué","",""
"HEC","M2 : Affaires publiques - Master in Management & Public Affairs - Double Degree with Freie Universität Berlin","Droit, Economie, Gestion","Gestion","The HEC Paris / Freie Universität Berlin Double Degree Program in ""Public Policy & Management"" offers an intercultural and interdisciplinary approach at the heart of the relationship between business and public administration management. It has both a research and a professional dimension.","Bac+4","Bac+5","1.0","60.0","http://www.hec.edu/Masters-programs/Master-s-Programs/Dual-Degree-Programs-with-Partner-Institutions/Master-in-Management-Public-Affairs-Double-Degree-with-Freie-Universitaet-Berlin/Key-Features","Non","Non","","","","","","","","1.0"
"HEC","M2 : Affaires publiques - Double Diplôme Law and Diplomacy","Droit, Economie, Gestion","Droit","Le double diplôme MPA HEC Paris Paris / Fletcher donne accès au Master of Arts in Law and Diplomacy (MALD)  de Fletcher’s School (TUFTS University). Ce diplôme vise à permettre aux étudiants de développer une connaissance approfondie des derniers développements de la pensée dans les domaines politique, économique, juridique et des affaires. Il s'agit aussi de traduire ces savoirs en actions concrètes et efficaces en mesure d'impacter les problématiques et événements internationaux.","Bac+4","Bac+5","1.0","60.0","http://www.hec.fr/Grande-Ecole-MS-MSc/Programmes-diplomants/Grande-Ecole/Master-in-Management/Details-du-cursus/M2-la-formation-specialisee-fin-du-cycle-Master/Affaires-Publiques/Double-Diplome-Law-and-Diplomacy","Non indiqué","Non indiqué","","","","","","","","1.0"
"HEC","M2 : Affaires publiques - Double Diplôme Law and Diplomacy","Droit, Economie, Gestion","Droit","non indiqué","Bac+4","Bac+5","1.0","60.0","http://www.hec.fr/Grande-Ecole-MS-MSc/Programmes-diplomants/Grande-Ecole/Master-in-Management/Details-du-cursus","Non indiqué","Non indiqué","","","","","","","","1.0"
"HEC","M2 : Affaires publiques - Le double diplôme Public Policy HEC Paris / Georgetown University.","Droit, Economie, Gestion","Droit","non indiqué","Bac+4","Bac+5","1.0","60.0","http://www.hec.fr/Grande-Ecole-MS-MSc/Programmes-diplomants/Grande-Ecole/Master-in-Management/Details-du-cursus","Non indiqué","Non indiqué","","","","","","","","1.0"
"","","","","","","","","","","","","","","","","","","",""
"HEC","M2 : Sustainability and Social Innovation","Sciences Humaines et sociales","Gestion","This specialization is aimed at those who have a passion for creating more environmentally friendly and sustainable business models. By the end of the program, students will be equipped with the knowledge and skills to succeed as responsible business leaders in all sectors (consulting, marketing, finance, etc.)","Bac+4","Bac+5","1.0","60.0","http://www.hec.edu/Masters-programs/Master-s-Programs/Grande-Ecole/Master-in-Management/Program-Details/M2-Specialization-Phase/Sustainability-and-Social-Innovation/Specialization-in-Sustainability-and-Social-Innovation","Oui","Improbable","Have a Cause, Make an Impact","non indiqué","Obligatoire","non indiqué","non indiqué","non indiqué","","1.0"
"HEC","M2 : Sustainability and Social Innovation","Sciences Humaines et sociales","Gestion","This specialization is aimed at those who have a passion for creating more environmentally friendly and sustainable business models. By the end of the program, students will be equipped with the knowledge and skills to succeed as responsible business leaders in all sectors (consulting, marketing, finance, etc.)","Bac+4","Bac+5","1.0","60.0","http://www.hec.edu/Masters-programs/Master-s-Programs/Grande-Ecole/Master-in-Management/Program-Details/M2-Specialization-Phase/Sustainability-and-Social-Innovation/Specialization-in-Sustainability-and-Social-Innovation","Oui","Non","Sustainable Operations & Supply Chains","non indiqué","Obligatoire","non indiqué","non indiqué","non indiqué","","1.0"
"HEC","M2 : Sustainability and Social Innovation","Sciences Humaines et sociales","Gestion","This specialization is aimed at those who have a passion for creating more environmentally friendly and sustainable business models. By the end of the program, students will be equipped with the knowledge and skills to succeed as responsible business leaders in all sectors (consulting, marketing, finance, etc.)","Bac+4","Bac+5","1.0","60.0","http://www.hec.edu/Masters-programs/Master-s-Programs/Grande-Ecole/Master-in-Management/Program-Details/M2-Specialization-Phase/Sustainability-and-Social-Innovation/Specialization-in-Sustainability-and-Social-Innovation","Oui","Improbable","Strategy and Sustainable Development","non indiqué","Obligatoire","non indiqué","non indiqué","non indiqué","","1.0"
"HEC","M2 : Sustainability and Social Innovation","Sciences Humaines et sociales","Gestion","This specialization is aimed at those who have a passion for creating more environmentally friendly and sustainable business models. By the end of the program, students will be equipped with the knowledge and skills to succeed as responsible business leaders in all sectors (consulting, marketing, finance, etc.)","Bac+4","Bac+5","1.0","60.0","http://www.hec.edu/Masters-programs/Master-s-Programs/Grande-Ecole/Master-in-Management/Program-Details/M2-Specialization-Phase/Sustainability-and-Social-Innovation/Specialization-in-Sustainability-and-Social-Innovation","Oui","Non","Responsible Investing ","non indiqué","Obligatoire","non indiqué","non indiqué","non indiqué","","1.0"
"HEC","M2 : Sustainability and Social Innovation","Sciences Humaines et sociales","Gestion","This specialization is aimed at those who have a passion for creating more environmentally friendly and sustainable business models. By the end of the program, students will be equipped with the knowledge and skills to succeed as responsible business leaders in all sectors (consulting, marketing, finance, etc.)","Bac+4","Bac+5","1.0","60.0","http://www.hec.edu/Masters-programs/Master-s-Programs/Grande-Ecole/Master-in-Management/Program-Details/M2-Specialization-Phase/Sustainability-and-Social-Innovation/Specialization-in-Sustainability-and-Social-Innovation","Oui","Non","Intellectual Capital, Intangible Assets and their Link with Sustainable Development","non indiqué","Obligatoire","non indiqué","non indiqué","non indiqué","","1.0"
"HEC","M2 : Sustainability and Social Innovation","Sciences Humaines et sociales","Gestion","This specialization is aimed at those who have a passion for creating more environmentally friendly and sustainable business models. By the end of the program, students will be equipped with the knowledge and skills to succeed as responsible business leaders in all sectors (consulting, marketing, finance, etc.)","Bac+4","Bac+5","1.0","60.0","http://www.hec.edu/Masters-programs/Master-s-Programs/Grande-Ecole/Master-in-Management/Program-Details/M2-Specialization-Phase/Sustainability-and-Social-Innovation/Specialization-in-Sustainability-and-Social-Innovation","Oui","Non","HR and Unconventional Paradigm of Management","non indiqué","Obligatoire","non indiqué","non indiqué","non indiqué","","1.0"
"HEC","M2 : Sustainability and Social Innovation","Sciences Humaines et sociales","Gestion","This specialization is aimed at those who have a passion for creating more environmentally friendly and sustainable business models. By the end of the program, students will be equipped with the knowledge and skills to succeed as responsible business leaders in all sectors (consulting, marketing, finance, etc.)","Bac+4","Bac+5","1.0","60.0","http://www.hec.edu/Masters-programs/Master-s-Programs/Grande-Ecole/Master-in-Management/Program-Details/M2-Specialization-Phase/Sustainability-and-Social-Innovation/Specialization-in-Sustainability-and-Social-Innovation","Oui","Non","Sustainable Business Planning – Business Plan Workshop","non indiqué","Optionnel","non indiqué","non indiqué","non indiqué","","1.0"
"HEC","M2 : Sustainability and Social Innovation","Sciences Humaines et sociales","Gestion","This specialization is aimed at those who have a passion for creating more environmentally friendly and sustainable business models. By the end of the program, students will be equipped with the knowledge and skills to succeed as responsible business leaders in all sectors (consulting, marketing, finance, etc.)","Bac+4","Bac+5","1.0","60.0","http://www.hec.edu/Masters-programs/Master-s-Programs/Grande-Ecole/Master-in-Management/Program-Details/M2-Specialization-Phase/Sustainability-and-Social-Innovation/Specialization-in-Sustainability-and-Social-Innovation","Oui","Oui","Geopolitics of Energy and Transformation of Energy Paradigm","non indiqué","Optionnel","non indiqué","non indiqué","non indiqué","","1.0"
"HEC","M2 : Sustainability and Social Innovation","Sciences Humaines et sociales","Gestion","This specialization is aimed at those who have a passion for creating more environmentally friendly and sustainable business models. By the end of the program, students will be equipped with the knowledge and skills to succeed as responsible business leaders in all sectors (consulting, marketing, finance, etc.)","Bac+4","Bac+5","1.0","60.0","http://www.hec.edu/Masters-programs/Master-s-Programs/Grande-Ecole/Master-in-Management/Program-Details/M2-Specialization-Phase/Sustainability-and-Social-Innovation/Specialization-in-Sustainability-and-Social-Innovation","Improbable","Non","Change Management","non indiqué","Optionnel","non indiqué","non indiqué","non indiqué","","1.0"
"HEC","M2 : Sustainability and Social Innovation","Sciences Humaines et sociales","Gestion","This specialization is aimed at those who have a passion for creating more environmentally friendly and sustainable business models. By the end of the program, students will be equipped with the knowledge and skills to succeed as responsible business leaders in all sectors (consulting, marketing, finance, etc.)","Bac+4","Bac+5","1.0","60.0","http://www.hec.edu/Masters-programs/Master-s-Programs/Grande-Ecole/Master-in-Management/Program-Details/M2-Specialization-Phase/Sustainability-and-Social-Innovation/Specialization-in-Sustainability-and-Social-Innovation","Oui","Non","NGO Management","non indiqué","Optionnel","non indiqué","non indiqué","non indiqué","","1.0"
"HEC","M2 : Sustainability and Social Innovation","Sciences Humaines et sociales","Gestion","This specialization is aimed at those who have a passion for creating more environmentally friendly and sustainable business models. By the end of the program, students will be equipped with the knowledge and skills to succeed as responsible business leaders in all sectors (consulting, marketing, finance, etc.)","Bac+4","Bac+5","1.0","60.0","http://www.hec.edu/Masters-programs/Master-s-Programs/Grande-Ecole/Master-in-Management/Program-Details/M2-Specialization-Phase/Sustainability-and-Social-Innovation/Specialization-in-Sustainability-and-Social-Innovation","Oui","Non","Interactive Discovery of Iso 26000","non indiqué","Optionnel","non indiqué","non indiqué","non indiqué","","1.0"
"HEC","M2 : Sustainability and Social Innovation","Sciences Humaines et sociales","Gestion","This specialization is aimed at those who have a passion for creating more environmentally friendly and sustainable business models. By the end of the program, students will be equipped with the knowledge and skills to succeed as responsible business leaders in all sectors (consulting, marketing, finance, etc.)","Bac+4","Bac+5","1.0","60.0","http://www.hec.edu/Masters-programs/Master-s-Programs/Grande-Ecole/Master-in-Management/Program-Details/M2-Specialization-Phase/Sustainability-and-Social-Innovation/Specialization-in-Sustainability-and-Social-Innovation","Oui","Non","Radically Innovative Business Models and Sustainability","non indiqué","Optionnel","non indiqué","non indiqué","non indiqué","","1.0"
"HEC","M2 : Sustainability and Social Innovation","Sciences Humaines et sociales","Gestion","This specialization is aimed at those who have a passion for creating more environmentally friendly and sustainable business models. By the end of the program, students will be equipped with the knowledge and skills to succeed as responsible business leaders in all sectors (consulting, marketing, finance, etc.)","Bac+4","Bac+5","1.0","60.0","http://www.hec.edu/Masters-programs/Master-s-Programs/Grande-Ecole/Master-in-Management/Program-Details/M2-Specialization-Phase/Sustainability-and-Social-Innovation/Specialization-in-Sustainability-and-Social-Innovation","Oui","Non","Sustainable Cities","non indiqué","Optionnel","non indiqué","non indiqué","non indiqué","","1.0"
"HEC","M2 : Sustainability and Social Innovation","Sciences Humaines et sociales","Gestion","This specialization is aimed at those who have a passion for creating more environmentally friendly and sustainable business models. By the end of the program, students will be equipped with the knowledge and skills to succeed as responsible business leaders in all sectors (consulting, marketing, finance, etc.)","Bac+4","Bac+5","1.0","60.0","http://www.hec.edu/Masters-programs/Master-s-Programs/Grande-Ecole/Master-in-Management/Program-Details/M2-Specialization-Phase/Sustainability-and-Social-Innovation/Specialization-in-Sustainability-and-Social-Innovation","Oui","Non","Sustainable Operations and Supply Chain","non indiqué","Optionnel","non indiqué","non indiqué","non indiqué","","1.0"
"HEC","M2 : Sustainability and Social Innovation","Sciences Humaines et sociales","Gestion","This specialization is aimed at those who have a passion for creating more environmentally friendly and sustainable business models. By the end of the program, students will be equipped with the knowledge and skills to succeed as responsible business leaders in all sectors (consulting, marketing, finance, etc.)","Bac+4","Bac+5","1.0","60.0","http://www.hec.edu/Masters-programs/Master-s-Programs/Grande-Ecole/Master-in-Management/Program-Details/M2-Specialization-Phase/Sustainability-and-Social-Innovation/Specialization-in-Sustainability-and-Social-Innovation","Oui","Oui","Sustainable Procurement - A Practioner Approach","non indiqué","Optionnel","non indiqué","non indiqué","non indiqué","","1.0"
"HEC","M2 : Sustainability and Social Innovation","Sciences Humaines et sociales","Gestion","This specialization is aimed at those who have a passion for creating more environmentally friendly and sustainable business models. By the end of the program, students will be equipped with the knowledge and skills to succeed as responsible business leaders in all sectors (consulting, marketing, finance, etc.)","Bac+4","Bac+5","1.0","60.0","http://www.hec.edu/Masters-programs/Master-s-Programs/Grande-Ecole/Master-in-Management/Program-Details/M2-Specialization-Phase/Sustainability-and-Social-Innovation/Specialization-in-Sustainability-and-Social-Innovation","Oui","Non","Managing Energy in The Company","non indiqué","Optionnel","non indiqué","non indiqué","non indiqué","","1.0"
"HEC","M2 : Sustainability and Social Innovation","Sciences Humaines et sociales","Gestion","This specialization is aimed at those who have a passion for creating more environmentally friendly and sustainable business models. By the end of the program, students will be equipped with the knowledge and skills to succeed as responsible business leaders in all sectors (consulting, marketing, finance, etc.)","Bac+4","Bac+5","1.0","60.0","http://www.hec.edu/Masters-programs/Master-s-Programs/Grande-Ecole/Master-in-Management/Program-Details/M2-Specialization-Phase/Sustainability-and-Social-Innovation/Specialization-in-Sustainability-and-Social-Innovation","Oui","Non","LCA, Sustainable Design and Marketing","non indiqué","Optionnel","non indiqué","non indiqué","non indiqué","","1.0"
"HEC","M2 : Sustainability and Social Innovation","Sciences Humaines et sociales","Gestion","This specialization is aimed at those who have a passion for creating more environmentally friendly and sustainable business models. By the end of the program, students will be equipped with the knowledge and skills to succeed as responsible business leaders in all sectors (consulting, marketing, finance, etc.)","Bac+4","Bac+5","1.0","60.0","http://www.hec.edu/Masters-programs/Master-s-Programs/Grande-Ecole/Master-in-Management/Program-Details/M2-Specialization-Phase/Sustainability-and-Social-Innovation/Specialization-in-Sustainability-and-Social-Innovation","Oui","Improbable","Climate Change Economics","non indiqué","Optionnel","non indiqué","non indiqué","non indiqué","","1.0"
"HEC","M2 : Sustainability and Social Innovation","Sciences Humaines et sociales","Gestion","This specialization is aimed at those who have a passion for creating more environmentally friendly and sustainable business models. By the end of the program, students will be equipped with the knowledge and skills to succeed as responsible business leaders in all sectors (consulting, marketing, finance, etc.)","Bac+4","Bac+5","1.0","60.0","http://www.hec.edu/Masters-programs/Master-s-Programs/Grande-Ecole/Master-in-Management/Program-Details/M2-Specialization-Phase/Sustainability-and-Social-Innovation/Specialization-in-Sustainability-and-Social-Innovation","Oui","Non","Sustainable Development and Systemic Shocks","non indiqué","Optionnel","non indiqué","non indiqué","non indiqué","","1.0"
"HEC","M2 : Sustainability and Social Innovation","Sciences Humaines et sociales","Gestion","This specialization is aimed at those who have a passion for creating more environmentally friendly and sustainable business models. By the end of the program, students will be equipped with the knowledge and skills to succeed as responsible business leaders in all sectors (consulting, marketing, finance, etc.)","Bac+4","Bac+5","1.0","60.0","http://www.hec.edu/Masters-programs/Master-s-Programs/Grande-Ecole/Master-in-Management/Program-Details/M2-Specialization-Phase/Sustainability-and-Social-Innovation/Specialization-in-Sustainability-and-Social-Innovation","Oui","Non","Critics of CSR Strategies.","non indiqué","Optionnel","non indiqué","non indiqué","non indiqué","","1.0"
"HEC","M2 : Sustainability and Social Innovation - Norwegian School of Economics (NHH): MSc in Economics & Business Administration","Sciences Humaines et sociales","Gestion","This specialization is aimed at those who have a passion for creating more environmentally friendly and sustainable business models. By the end of the program, students will be equipped with the knowledge and skills to succeed as responsible business leaders in all sectors (consulting, marketing, finance, etc.)","Bac+4","Bac+5","1.0","60.0","http://www.hec.edu/Masters-programs/Master-s-Programs/Grande-Ecole/Master-in-Management/Program-Details/M2-Specialization-Phase/Sustainability-and-Social-Innovation/Specialization-in-Sustainability-and-Social-Innovation","Non indiqué","Non indiqué","","","","","","","","1.0"
"HEC","M2 : Sustainability and Social Innovation - Fundação Getulio Vargas, São Paulo: Specialized Graduate Program in Sustainability","Sciences Humaines et sociales","Gestion","This specialization is aimed at those who have a passion for creating more environmentally friendly and sustainable business models. By the end of the program, students will be equipped with the knowledge and skills to succeed as responsible business leaders in all sectors (consulting, marketing, finance, etc.)","Bac+4","Bac+5","1.0","60.0","http://www.hec.edu/Masters-programs/Master-s-Programs/Grande-Ecole/Master-in-Management/Program-Details/M2-Specialization-Phase/Sustainability-and-Social-Innovation/Specialization-in-Sustainability-and-Social-Innovation","Non indiqué","Non indiqué","","","","","","","","1.0"
"HEC","M2 : Sustainability and Social Innovation - Indian Institute of Management, Ahmedabad.","Sciences Humaines et sociales","Gestion","This specialization is aimed at those who have a passion for creating more environmentally friendly and sustainable business models. By the end of the program, students will be equipped with the knowledge and skills to succeed as responsible business leaders in all sectors (consulting, marketing, finance, etc.)","Bac+4","Bac+5","1.0","60.0","http://www.hec.edu/Masters-programs/Master-s-Programs/Grande-Ecole/Master-in-Management/Program-Details/M2-Specialization-Phase/Sustainability-and-Social-Innovation/Specialization-in-Sustainability-and-Social-Innovation","Non indiqué","Non indiqué","","","","","","","","1.0"
"HEC","M2 : Majeure Médias, Art et Création","Sciences Humaines et sociales","Gestion","La Majeure Médias, Art et Création forme les étudiants d’HEC à devenir des managers dans les domaines de la création, de la culture et dans les industries de l’entertainment.","Bac+4","Bac+5","1.0","60.0","http://www.hec.fr/Grande-Ecole-MS-MSc/Programmes-diplomants/Grande-Ecole/Master-in-Management/Details-du-cursus/M2-la-formation-specialisee-fin-du-cycle-Master/Medias-Art-et-Creation/Majeure-Medias-Art-et-Creation","Non","Non","","","","","","","","1.0"
"HEC","Master Recherche en Sciences Cognitives","Sciences Humaines et sociales","sciences sociales","Le Master Recherche en Sciences Cognitives, ou Cogmaster (enseigné en français), co-habilité par l’Ecole Normale Supérieure-Ulm (organisme porteur), Paris 5, et EHESS est le principal diplôme français, et l'un des plus connus sur le plan européen, qui existe aujourd'hui dans ces disciplines. Celles-ci portent sur la cognition individuelle et sociale entendue au sens large, qui inclut, outre la mémoire et le raisonnement, la perception, les émotions, l'emploi du langage et la décision. Elles abordent ces différents objets à des points de vue multiples et complémentaires: neurologie, psychologie, linguistique, philosophie, théorie de la décision.","Bac+4","Bac+5","1.0","60.0","http://www.hec.fr/Grande-Ecole-MS-MSc/Programmes-diplomants/Grande-Ecole/Master-in-Management/Details-du-cursus/M2-la-formation-specialisee-fin-du-cycle-Master/Sciences-cognitives/Master-Recherche-en-Sciences-Cognitives","Non indiqué","Non indiqué","","","","","","","","1.0"
"HEC","Double Diplôme avec le Centre Français du Journalisme","Sciences Humaines et sociales","journalisme","Le diplôme délivré aux étudiants ayant suivi cette spécialisation est le diplôme Grande Ecole / Master in Management & Journalism.","Bac+4","Bac+5","1.0","60.0","http://www.hec.fr/Grande-Ecole-MS-MSc/Programmes-diplomants/Grande-Ecole/Master-in-Management/Details-du-cursus/M2-la-formation-specialisee-fin-du-cycle-Master/Sciences-cognitives/Master-Recherche-en-Sciences-Cognitives","Non indiqué","Non indiqué","","","","","","","","1.0"
"HEC","Certificat: Digital Entrepreneurship ","","","As e-business plays an increasing role in the economy, both within traditional sectors as well as in the ""new economy"", HEC Paris has resolutely taken the digital turn. The Digital Entrepreneurship certificate is one of the various opportunities offered to HEC students to sharpen their knowledge and know-how in the field.","","","","","http://www.hec.edu/Masters-programs/Non-degree-programs/Certificates-available-to-current-HEC-students-only/Digital-Entrepreneurship/Why-this-certificate","Non indiqué","Non indiqué","","","","","","","","1.0"
"HEC","Certificat: Digital Entrepreneurship ","","","Training the consultants and managers of the digital economy.","","","","","http://www.hec.edu/Masters-programs/Non-degree-programs/Certificates-available-to-current-HEC-students-only/Digital-Transformation/Why-this-certificate","Non indiqué","Non indiqué","","","","","","","","1.0"
"HEC","Certificat: Energy and Finance","","","The Energy and Finance Certificate is designed for students who have a strong interest in the economics of energy, energy-related financial issues, and climate change or who are willing to move to these sectors for a career.","","","","","http://www.hec.edu/Masters-programs/Non-degree-programs/Certificates-available-to-current-HEC-students-only/Energy-Finance/Why-this-certificate","Improbable","Improbable","","","","","","","","1.0"
"HEC","Certificat: Excellence in Client Experience avec LVMH","","","LVMH, the world leader in luxury, and HEC Paris are committed to the development of a comprehensive training program aimed at shaping the talented minds of tomorrow who will go on to be experts in the luxury industry.","","","","","http://www.hec.edu/Masters-programs/Non-degree-programs/Certificates-available-to-current-HEC-students-only/Excellence-in-Client-Experience/Why-this-certificate/(from)/fre-FR","Non indiqué","Non indiqué","","","","","","","","1.0"
"HEC","Certificat: Leadership avec Pernod Ricard","","","The objectives of this certificate is to help students find their leadership identity and test their leadership skills across cultures under the 'savoir-relier' protocol. Students will challenge and experience strategic leadership from a Personal, Interpersonal, Organizational and Social perspective.","","","","","http://www.hec.edu/Masters-programs/Non-degree-programs/Certificates-available-to-current-HEC-students-only/Leadership/Why-this-certificate","Non indiqué","Non indiqué","","","","","","","","1.0"
"HEC","Certificat: Luxury avec Kering (Gucci, Saint Laurent, Alexander McQueen, Balenciaga, Stella McCartney, Sergio Rossi, Boucheron...)","","","The aim is to bring you a multidisciplinary understanding of M&A (finance, strategy, legal, tax, HR, …)","","","","","http://www.hec.edu/Masters-programs/Non-degree-programs/Certificates-available-to-current-HEC-students-only/Luxury/Key-Features","Non indiqué","Non indiqué","","","","","","","","1.0"
"HEC","Certificat: Mergers & Acquisitions ","","","Provide quality education for future professionals of the sector and more generally familiarize students with M&A as they will undoubtedly be faced with such a  situation in their career","","","","","http://www.hec.edu/Masters-programs/Non-degree-programs/Certificates-available-to-current-HEC-students-only/Mergers-Acquisitions/Why-this-certificate","Non indiqué","Non indiqué","","","","","","","","1.0"
"HEC","Certificat: Social Business / Enterprise and Poverty avec Danone, Schneider Electric et Renault.","","","“There are business solutions to solve social problems. New models exist and are successful.” Professor Mohammed Yunus, Nobel Peace Prize, Honorary President of the Movement for Social*Business Impact led by the Society & Organizations (S&O) Center of HEC Paris","","","","","http://www.hec.edu/Masters-programs/Non-degree-programs/Certificates-available-to-current-HEC-students-only/Social-Business-Enterprise-and-Poverty/Why-this-certificate","Non indiqué","Non indiqué","","","","","","","","1.0"
"HEC","MSc International Finance","Droit, Economie, Gestion","Gestion","The HEC Paris MSc in International Finance (MIF) program caters for highly-motivated top achieving graduates looking to succeed in a career in finance and consulting. The program has a strong analytical focus yet is accessible from either business and finance (business track) or economics, math, physics, engineering (accelerated track) backgrounds.","Bac+5","","0,83 (10 mois)","90.0","http://www.hec.edu/Masters-programs/Master-s-Programs/One-Year-MSc-MS-Programs/MSc-International-Finance/Program-Details#block-62274","Oui","Improbable","Sustainable & responsible investment","non indiqué","Optionnel","non indiqué","non indiqué","non indiqué","Capital Markets specialization","1.0"
"HEC","MSc International Finance","Droit, Economie, Gestion","Gestion","The HEC Paris MSc in International Finance (MIF) program caters for highly-motivated top achieving graduates looking to succeed in a career in finance and consulting. The program has a strong analytical focus yet is accessible from either business and finance (business track) or economics, math, physics, engineering (accelerated track) backgrounds.","Bac+5","","0,83 (10 mois)","90.0","http://www.hec.edu/Masters-programs/Master-s-Programs/One-Year-MSc-MS-Programs/MSc-International-Finance/Program-Details#block-62275","Improbable","Improbable","Energy and finance","non indiqué","Optionnel","non indiqué","non indiqué","non indiqué","","1.0"
"HEC","MSc International Finance","Droit, Economie, Gestion","Gestion","The HEC Paris MSc in International Finance (MIF) program caters for highly-motivated top achieving graduates looking to succeed in a career in finance and consulting. The program has a strong analytical focus yet is accessible from either business and finance (business track) or economics, math, physics, engineering (accelerated track) backgrounds.","Bac+5","","0,83 (10 mois)","90.0","http://www.hec.edu/Masters-programs/Master-s-Programs/One-Year-MSc-MS-Programs/MSc-International-Finance/Program-Details#block-62276","Improbable","Improbable","Energy markets","non indiqué","Optionnel","non indiqué","non indiqué","non indiqué","","1.0"
"HEC","MSc Managerial and Financial Economics","Droit, Economie, Gestion","Gestion","Le MSc Managerial and Financial Economics combine au plus haut niveau une formation quantitative et analytique avec des enseignements approfondis en économie et finance. Les étudiants sont ainsi parfaitement préparés pour mener des carrières dans les secteurs de la banque, de la finance, du conseil, ou encore au sein des départements Stratégie ou Finance de grandes entreprises internationales.","Bac+5","","0,83 (10 mois)","90.0","http://www.hec.fr/Grande-Ecole-MS-MSc/Programmes-diplomants/Programmes-MSc-MS-en-un-an/MSc-Managerial-and-Financial-Economics/Key-features","Improbable","Improbable","Limits to Market Efficiency: Origins and Consequences","non indiqué","Obligatoire","non indiqué","non indiqué","non indiqué","","1.0"
"HEC","MSc Marketing","Droit, Economie, Gestion","Marketing","Le MSc Marketing - Integrated Marketing for the Digital World - propose une approche intégrée du marketing. Il apporte non seulement des connaissances pointues en marketing traditionnel et digital mais une vision stratégique approfondie. C’est le programme idéal pour les étudiants désireux de renforcer leurs compétences analytiques et stratégiques afin de poursuivre une carrière dans l’environnement complexe et évolutif du marketing.","Bac+5","","0,83 (10 mois)","90.0","http://www.hec.edu/Masters-programs/Master-s-Programs/One-Year-MSc-MS-Programs/MSc-Marketing/Program-Details","Non","Non","","","","","","","","1.0"
"HEC","MSc Strategic Management","Droit, Economie, Gestion","Gestion","Ce programme intensif s’adresse aux étudiants dont l’aspiration est d’avoir un impact stratégique sur leur organisation. Discipline complexe et passionnante, la stratégie nécessite de grandes capacités de réflexion et une forte détermination, c’est pourquoi le MSc Strategic Management sélectionne au sein de disciplines variées les plus brillants étudiants des meilleures institutions du monde. Ce programme constitue un formidable pont vers des carrières dans les plus prestigieuses entreprises du monde.","Bac+5","","0,83 (10 mois)","90.0","http://www.hec.edu/Masters-programs/Master-s-Programs/One-Year-MSc-MS-Programs/MSc-Strategic-Management/Key-Features","Non indiqué","Non indiqué","","","","","","","","1.0"
"HEC","MSc Accounting & Financial Management","Droit, Economie, Gestion","Comptabilité","The MSc in Accounting & Financial Management is a rigorous program linking Accounting, Corporate Finance and Strategy. The course is professionally oriented, with teaching by distinguished HEC faculty complemented by extensive courses led by high-level industry leader from consulting firms, financial advisory firms, and the ‘Big 4’ (PWC, EY, KPMG and Deloitte). Graduates enter the professional sphere with technical skills, global experiences, and the contacts needed to truly excel and become prime actors in the business world of tomorrow. ","Bac+5","","0,83 (10 mois)","90.0","http://www.hec.edu/Masters-programs/Master-s-Programs/One-Year-MSc-MS-Programs/MSc-Strategic-Management/Program-Details","Improbable","Improbable","Energy Strategies","non indiqué","Optionnel","non indiqué","non indiqué","non indiqué","","1.0"
"HEC","MSc Accounting & Financial Management","Droit, Economie, Gestion","Comptabilité","The MSc in Accounting & Financial Management is a rigorous program linking Accounting, Corporate Finance and Strategy. The course is professionally oriented, with teaching by distinguished HEC faculty complemented by extensive courses led by high-level industry leader from consulting firms, financial advisory firms, and the ‘Big 4’ (PWC, EY, KPMG and Deloitte). Graduates enter the professional sphere with technical skills, global experiences, and the contacts needed to truly excel and become prime actors in the business world of tomorrow. ","Bac+6","","0,83 (10 mois)","91.0","http://www.hec.edu/Masters-programs/Master-s-Programs/One-Year-MSc-MS-Programs/MSc-Strategic-Management/Program-Details","Improbable","Improbable","Managing Global Complexity","non indiqué","Optionnel","non indiqué","non indiqué","non indiqué","",""
"HEC","MSc Sustainability and Social Innovation","Droit, Economie, Gestion","Gestion","Le MSc Sustainability & Social Innovation s’adresse aux étudiants à haut potentiel désireux de devenir de véritables acteurs du changement. Quel que soit leur choix d’entreprise, fonction ou secteur, les diplômés seront équipés des outils et de la vision stratégique nécessaires à la mise en œuvre des changements dans le management des affaires, de l’innovation et des ressources humaines. ","Bac+5","","0,83 (10 mois)","90.0","http://www.hec.edu/Masters-programs/Master-s-Programs/One-Year-MSc-MS-Programs/MSc-Sustainability-and-Social-Innovation/Program-Details#block-35386","Oui","Improbable","Critics of CSR Strategies.","non indiqué","Optionnel","non indiqué","non indiqué","non indiqué","Intrapreneurship Track","1.0"
"HEC","MS/LLM Droit et Management International","Droit, Economie, Gestion","Gestion","Formation intense reconnue à l’international, le MS/LLM Droit et Management International apporte à des juristes de haut niveau une maîtrise parfaite des enjeux de l’entreprise : un atout clé sur un marché de plus en plus compétitif. Depuis plus de 15 ans, les diplômés du MS/LLM DMI rejoignent des postes d’avocats, juristes d’entreprises et notaires dans les plus beaux cabinets, directions juridiques et études du monde.","Bac+5","","0,83 (10 mois)","75.0","http://www.hec.fr/Grande-Ecole-MS-MSc/Programmes-diplomants/Programmes-MSc-MS-en-un-an/MS-LLM-Droit-et-Management-International/Le-programme","Non","Non","","","","","","","","1.0"
"HEC","MS Entrepreneurs","Droit, Economie, Gestion","Gestion","Le programme Entrepreneurs offre une immersion totale dans la réalité de l’entrepreneuriat. Les étudiants apprennent savoir-être et savoir-faire au sein d’un écosystème riche et dynamique et acquièrent les clés pour se lancer avec succès dans un projet entrepreneurial. ","Bac+5","","0,83 (10 mois)","75.0","http://www.hec.fr/Grande-Ecole-MS-MSc/Programmes-diplomants/Programmes-MSc-MS-en-un-an/MS-Entrepreneurs/Le-programme","Oui","Non","SEMINAIRE Impact entrepreneurship : pour démarrer un projet de création dans le domaine social, sociétal ou environnemental","non indiqué","Obligatoire","non indiqué","non indiqué","non indiqué","","1.0"
"HEC","MS Management de Grands Projets","Droit, Economie, Gestion","Gestion","Organisé en partenariat avec l’ISAE, leader européen de l’enseignement européen et de la recherche dans les secteurs de l’aéronautique et de l’espace, ce programme délivre toutes les compétences clés pour gérer les projets en environnements complexes.","Bac+5","","0,83 (10 mois)","75.0","http://www.hec.fr/Grande-Ecole-MS-MSc/Programmes-diplomants/Programmes-MSc-MS-en-un-an/MS-Management-de-Grands-Projets/Le-programme","Improbable","Improbable","Energy Project Development","non indiqué","Obligatoire","non indiqué","non indiqué","non indiqué","","1.0"
"HEC","MS/MSc Médias, Art et Création","Droit, Economie, Gestion","Gestion","Gérer un festival musical, la programmation d’un musée national, ou produire une émission de télévision… le MS/MSc Médias, Art & Création ouvre toutes les portes du management culturel. Par une approche transversale et une grande proximité avec les secteurs de la culture et de la création, le MS/MSc MAC fournit aux étudiants des armes efficaces pour faire rimer création et réussite.","Bac+6","","0,83 (10 mois)","76.0","http://www.hec.fr/Grande-Ecole-MS-MSc/Programmes-diplomants/Programmes-MSc-MS-en-un-an/MS-MSc-Medias-Art-et-Creation/Le-programme","Non","Non","","","","","","","","1.0"
"","","","","","","","","","","","","","","","","","","","1.0"
"","","","","","","","","","","","","","","","","","","","1.0"
"","","","","","","","","","","","","","","","","","","","1.0"
"","","","","","","","","","","","","","","","","","","","1.0"
"","","","","","","","","","","","","","","","","","","","1.0"
"","","","","","","","","","","","","","","","","","","","1.0"
"","","","","","","","","","","","","","","","","","","","1.0"
"","","","","","","","","","","","","","","","","","","","1.0"
"","","","","","","","","","","","","","","","","","","","1.0"
"","","","","","","","","","","","","","","","","","","","1.0"
"","","","","","","","","","","","","","","","","","","","1.0"
"","","","","","","","","","","","","","","","","","","","1.0"
"","","","","","","","","","","","","","","","","","","","1.0"
"","","","","","","","","","","","","","","","","","","","1.0"
"","","","","","","","","","","","","","","","","","","","1.0"
"","","","","","","","","","","","","","","","","","","","1.0"
"","","","","","","","","","","","","","","","","","","","1.0"
"","","","","","","","","","","","","","","","","","","","1.0"
"","","","","","","","","","","","","","","","","","","","1.0"
"","","","","","","","","","","","","","","","","","","","1.0"
"","","","","","","","","","","","","","","","","","","","1.0"
"","","","","","","","","","","","","","","","","","","","1.0"
"","","","","","","","","","","","","","","","","","","","1.0"
"","","","","","","","","","","","","","","","","","","","1.0"
"","","","","","","","","","","","","","","","","","","","1.0"
"","","","","","","","","","","","","","","","","","","","1.0"
"","","","","","","","","","","","","","","","","","","","1.0"
"","","","","","","","","","","","","","","","","","","","1.0"
"","","","","","","","","","","","","","","","","","","","1.0"
"","","","","","","","","","","","","","","","","","","","1.0"
"","","","","","","","","","","","","","","","","","","","1.0"
"","","","","","","","","","","","","","","","","","","","1.0"
"","","","","","","","","","","","","","","","","","","","1.0"
"","","","","","","","","","","","","","","","","","","","1.0"
"","","","","","","","","","","","","","","","","","","","1.0"
"","","","","","","","","","","","","","","","","","","","1.0"
"","","","","","","","","","","","","","","","","","","","1.0"
"","","","","","","","","","","","","","","","","","","","1.0"
"","","","","","","","","","","","","","","","","","","","1.0"
"","","","","","","","","","","","","","","","","","","","1.0"
"","","","","","","","","","","","","","","","","","","","1.0"
"","","","","","","","","","","","","","","","","","","","1.0"
"","","","","","","","","","","","","","","","","","","","1.0"
"","","","","","","","","","","","","","","","","","","","1.0"
"","","","","","","","","","","","","","","","","","","","1.0"
"","","","","","","","","","","","","","","","","","","","1.0"
"","","","","","","","","","","","","","","","","","","","1.0"
"","","","","","","","","","","","","","","","","","","","1.0"
"","","","","","","","","","","","","","","","","","","","1.0"
"","","","","","","","","","","","","","","","","","","","1.0"
"","","","","","","","","","","","","","","","","","","","1.0"
"","","","","","","","","","","","","","","","","","","","1.0"
"","","","","","","","","","","","","","","","","","","","1.0"
"","","","","","","","","","","","","","","","","","","","1.0"
"","","","","","","","","","","","","","","","","","","","1.0"
"","","","","","","","","","","","","","","","","","","","1.0"
"","","","","","","","","","","","","","","","","","","","1.0"
"","","","","","","","","","","","","","","","","","","","1.0"
"","","","","","","","","","","","","","","","","","","","1.0"
"","","","","","","","","","","","","","","","","","","","1.0"
"","","","","","","","","","","","","","","","","","","","1.0"
"","","","","","","","","","","","","","","","","","","","1.0"
"","","","","","","","","","","","","","","","","","","","1.0"
"","","","","","","","","","","","","","","","","","","","1.0"
"","","","","","","","","","","","","","","","","","","","1.0"
"","","","","","","","","","","","","","","","","","","","1.0"
"","","","","","","","","","","","","","","","","","","","1.0"
"","","","","","","","","","","","","","","","","","","","1.0"
"","","","","","","","","","","","","","","","","","","","1.0"
"","","","","","","","","","","","","","","","","","","","1.0"
"","","","","","","","","","","","","","","","","","","","1.0"
"","","","","","","","","","","","","","","","","","","","1.0"
"","","","","","","","","","","","","","","","","","","","1.0"
"","","","","","","","","","","","","","","","","","","","1.0"
"","","","","","","","","","","","","","","","","","","","1.0"
"","","","","","","","","","","","","","","","","","","","1.0"
"","","","","","","","","","","","","","","","","","","","1.0"
"","","","","","","","","","","","","","","","","","","","1.0"
"","","","","","","","","","","","","","","","","","","","1.0"
"","","","","","","","","","","","","","","","","","","","1.0"
"","","","","","","","","","","","","","","","","","","","1.0"
"","","","","","","","","","","","","","","","","","","","1.0"
"","","","","","","","","","","","","","","","","","","","1.0"
"","","","","","","","","","","","","","","","","","","","1.0"
"","","","","","","","","","","","","","","","","","","","1.0"
"","","","","","","","","","","","","","","","","","","","1.0"
"","","","","","","","","","","","","","","","","","","","1.0"
"","","","","","","","","","","","","","","","","","","","1.0"
"","","","","","","","","","","","","","","","","","","","1.0"
"","","","","","","","","","","","","","","","","","","","1.0"
"","","","","","","","","","","","","","","","","","","","1.0"
"","","","","","","","","","","","","","","","","","","","1.0"
"","","","","","","","","","","","","","","","","","","","1.0"
"","","","","","","","","","","","","","","","","","","","1.0"
"","","","","","","","","","","","","","","","","","","","1.0"
"","","","","","","","","","","","","","","","","","","","1.0"
"","","","","","","","","","","","","","","","","","","","1.0"
"","","","","","","","","","","","","","","","","","","","1.0"
"","","","","","","","","","","","","","","","","","","","1.0"
"","","","","","","","","","","","","","","","","","","","1.0"
"","","","","","","","","","","","","","","","","","","","1.0"
"","","","","","","","","","","","","","","","","","","","1.0"
"","","","","","","","","","","","","","","","","","","","1.0"
"","","","","","","","","","","","","","","","","","","","1.0"
"","","","","","","","","","","","","","","","","","","","1.0"
"","","","","","","","","","","","","","","","","","","","1.0"
"","","","","","","","","","","","","","","","","","","","1.0"
"","","","","","","","","","","","","","","","","","","","1.0"
"","","","","","","","","","","","","","","","","","","","1.0"
"","","","","","","","","","","","","","","","","","","","1.0"
"","","","","","","","","","","","","","","","","","","","1.0"
"","","","","","","","","","","","","","","","","","","","1.0"
"","","","","","","","","","","","","","","","","","","","1.0"
"","","","","","","","","","","","","","","","","","","","1.0"
"","","","","","","","","","","","","","","","","","","","1.0"
"","","","","","","","","","","","","","","","","","","","1.0"
"","","","","","","","","","","","","","","","","","","","1.0"
"","","","","","","","","","","","","","","","","","","","1.0"
"","","","","","","","","","","","","","","","","","","","1.0"
"","","","","","","","","","","","","","","","","","","","1.0"
"","","","","","","","","","","","","","","","","","","","1.0"
"","","","","","","","","","","","","","","","","","","","1.0"
"","","","","","","","","","","","","","","","","","","","1.0"
"","","","","","","","","","","","","","","","","","","","1.0"
"","","","","","","","","","","","","","","","","","","","1.0"
"","","","","","","","","","","","","","","","","","","","1.0"
"","","","","","","","","","","","","","","","","","","","1.0"
"","","","","","","","","","","","","","","","","","","","1.0"
"","","","","","","","","","","","","","","","","","","","1.0"
"","","","","","","","","","","","","","","","","","","","1.0"
"","","","","","","","","","","","","","","","","","","","1.0"
"","","","","","","","","","","","","","","","","","","","1.0"
"","","","","","","","","","","","","","","","","","","","1.0"
"","","","","","","","","","","","","","","","","","","","1.0"
"","","","","","","","","","","","","","","","","","","","1.0"
"","","","","","","","","","","","","","","","","","","","1.0"
"","","","","","","","","","","","","","","","","","","","1.0"
"","","","","","","","","","","","","","","","","","","","1.0"
"","","","","","","","","","","","","","","","","","","","1.0"
"","","","","","","","","","","","","","","","","","","","1.0"
"","","","","","","","","","","","","","","","","","","","1.0"
"","","","","","","","","","","","","","","","","","","","1.0"
"","","","","","","","","","","","","","","","","","","","1.0"
"","","","","","","","","","","","","","","","","","","","1.0"
"","","","","","","","","","","","","","","","","","","","1.0"
"","","","","","","","","","","","","","","","","","","","1.0"
"","","","","","","","","","","","","","","","","","","","1.0"
"","","","","","","","","","","","","","","","","","","","1.0"
"","","","","","","","","","","","","","","","","","","","1.0"
"","","","","","","","","","","","","","","","","","","","1.0"
"","","","","","","","","","","","","","","","","","","","1.0"
"","","","","","","","","","","","","","","","","","","","1.0"
"","","","","","","","","","","","","","","","","","","","1.0"
"","","","","","","","","","","","","","","","","","","","1.0"
"","","","","","","","","","","","","","","","","","","","1.0"
"","","","","","","","","","","","","","","","","","","","1.0"
